,University,Country,Bacholer majors,TOEFL,IELTS,SAT,Recommendations,Acceptance Rate,Rankings
0,Massachusetts Institute of Technology (MIT),United States,Electrical Engineering,100.0,6.5,0,2.0,3.4,1
1,Massachusetts Institute of Technology (MIT),United States,echanical Engineering,100.0,6.5,0,2.0,3.4,1
2,Massachusetts Institute of Technology (MIT),United States, Computer Science,100.0,6.5,0,2.0,3.4,1
3,Massachusetts Institute of Technology (MIT),United States,Aerospace Engineering,100.0,6.5,0,2.0,3.4,1
4,Massachusetts Institute of Technology (MIT),United States,Chemical Engineering,100.0,6.5,0,2.0,3.4,1
5,Massachusetts Institute of Technology (MIT),United States,Civil and Environmental Engineering,100.0,6.5,0,2.0,3.4,1
6,Massachusetts Institute of Technology (MIT),United States,Biological Engineering,100.0,6.5,0,2.0,3.4,1
7,Massachusetts Institute of Technology (MIT),United States, Materials Science and Engineering,100.0,6.5,0,2.0,3.4,1
8,Stanford University,United States,Computer Science,100.0,6.5,0,2.0,3.4,1
9,Stanford University,United States, Electrical Engineering and Computer Science,100.0,7.0,1420,2.0,4.0,5
10,Stanford University,United States,Mechanical Engineering,100.0,7.0,1420,2.0,4.0,5
11,Stanford University,United States,Aerospace Engineering,100.0,7.0,1420,2.0,4.0,5
12,Stanford University,United States,Chemical Engineering,100.0,7.0,1420,2.0,4.0,5
13,Stanford University,United States,Biological Engineering,100.0,7.0,1420,2.0,4.0,5
14,Stanford University,United States,Civil and Environmental Engineering,100.0,7.0,1420,2.0,4.0,5
15,Stanford University,United States,Materials Science and Engineering,100.0,7.0,1420,2.0,4.0,5
16,Stanford University,United States,Nuclear Science and Engineering,100.0,7.0,1420,2.0,4.0,5
17,Stanford University,United States,Physics,100.0,7.0,1420,2.0,4.0,5
18,University of Cambridge,United Kingdom,Computer Science,100.0,7.0,1460,3.0,18.0,2
19,University of Cambridge,United Kingdom,Electrical Engineering,100.0,7.0,1460,3.0,18.0,2
20,University of Cambridge,United Kingdom,Mechanical Engineering,100.0,7.0,1460,3.0,18.0,2
21,University of Cambridge,United Kingdom,Biomedical Engineering,100.0,7.0,1460,3.0,18.0,2
22,University of Cambridge,United Kingdom,Civil Engineering,100.0,7.0,1460,3.0,18.0,2
23,University of Cambridge,United Kingdom,Materials Science and Engineering,100.0,7.0,1460,3.0,18.0,2
24,University of Cambridge,United Kingdom,Chemical Engineering,100.0,7.0,1460,3.0,18.0,2
25,University of Cambridge,United Kingdom,Aeronautics and Astronautics,100.0,7.0,1460,3.0,18.0,2
26,University of Cambridge,United Kingdom,Environmental Engineering,100.0,7.0,1460,3.0,18.0,2
27,University of Cambridge,United Kingdom,Industrial Engineering,100.0,7.0,1460,3.0,18.0,2
28,University of Oxford,United Kingdom,Electrical Engineering,100.0,7.0,1470,3.0,20.0,3
29,University of Oxford,United Kingdom,Mechanical Engineering,100.0,7.0,1470,3.0,20.0,3
30,University of Oxford,United Kingdom,Robotics and Artificial Intelligence,100.0,7.0,1470,3.0,20.0,3
31,University of Oxford,United Kingdom,Data Science,100.0,7.0,1470,3.0,20.0,3
32,University of Oxford,United Kingdom,Bioinformatics,100.0,7.0,1470,3.0,20.0,3
33,University of Oxford,United Kingdom,Materials Science,100.0,7.0,1470,3.0,20.0,3
34,University of Oxford,United Kingdom,Aerospace Engineering,100.0,7.0,1470,3.0,20.0,3
35,University of Oxford,United Kingdom,Civil Engineering,100.0,7.0,1470,3.0,20.0,3
36,University of Oxford,United Kingdom,Chemical Engineering,100.0,7.0,1470,3.0,20.0,3
37,University of Oxford,United Kingdom,Computer Science,100.0,7.0,1470,3.0,20.0,3
38,Carnegie Mellon University,United States,lectrical and Computer Engineering,100.0,7.0,1570,3.0,14.0,52
39,Carnegie Mellon University,United States,Computer Science,100.0,7.0,1570,3.0,14.0,52
40,Carnegie Mellon University,United States,Mechanical Engineering,100.0,7.0,1570,3.0,14.0,52
41,Carnegie Mellon University,United States,Civil and Environmental Engineering,100.0,7.0,1570,3.0,14.0,52
42,Carnegie Mellon University,United States,Biomedical Engineering,100.0,7.0,1570,3.0,14.0,52
43,Carnegie Mellon University,United States,Materials Science and Engineering,100.0,7.0,1570,3.0,14.0,52
44,Carnegie Mellon University,United States,Chemical Engineeri,100.0,7.0,1570,3.0,14.0,52
45,Carnegie Mellon University,United States,Robotics,100.0,7.0,1570,3.0,14.0,52
46,Carnegie Mellon University,United States, Computer Engineering,100.0,7.0,1570,3.0,14.0,52
47,Carnegie Mellon University,United States,Information Systems,100.0,7.0,1570,3.0,14.0,52
48,"University of California, Berkeley (UCB)",United States,Computer Science,80.0,6.0,1340,2.0,17.0,10
49,"University of California, Berkeley (UCB)",United States,Engineering Science,80.0,6.0,1340,2.0,17.0,10
50,"University of California, Berkeley (UCB)",United States,Mathematics,80.0,6.0,1340,2.0,17.0,10
51,"University of California, Berkeley (UCB)",United States,Physics,80.0,6.0,1340,2.0,17.0,10
52,"University of California, Berkeley (UCB)",United States,Materials Science,80.0,6.0,1340,2.0,17.0,10
53,"University of California, Berkeley (UCB)",United States,Electrical Engineering,80.0,6.0,1340,2.0,17.0,10
54,"University of California, Berkeley (UCB)",United States,Biochemistry,80.0,6.0,1340,2.0,17.0,10
55,"University of California, Berkeley (UCB)",United States,Earth Sciences,80.0,6.0,1340,2.0,17.0,10
56,"University of California, Berkeley (UCB)",United States, Chemistry,80.0,6.0,1340,2.0,17.0,10
57,"University of California, Berkeley (UCB)",United States, Experimental Psychology,80.0,6.0,1340,2.0,17.0,10
58,Harvard University,United States,Computer Science and Engineering,80.0,6.0,1470,3.0,4.0,4
59,Harvard University,United States,Electrical Engineering,80.0,6.0,1470,3.0,4.0,4
60,Harvard University,United States,Mechanical Engineering,80.0,6.0,1470,3.0,4.0,4
61,Harvard University,United States,Civil Engineering,80.0,6.0,1470,3.0,4.0,4
62,Harvard University,United States,Chemical Engineering,80.0,6.0,1470,3.0,4.0,4
63,Harvard University,United States,Bioengineering,80.0,6.0,1470,3.0,4.0,4
64,Harvard University,United States,Materials Science and Engineering,80.0,6.0,1470,3.0,4.0,4
65,Harvard University,United States,Environmental Engineering,80.0,6.0,1470,3.0,4.0,4
66,Harvard University,United States,Microengineering,80.0,6.0,1470,3.0,4.0,4
67,Harvard University,United States,Robotics and Intelligent Systems,80.0,6.0,1470,3.0,4.0,4
68,National University of Singapore (NUS),Singapore,Computer Science,85.0,6.0,1250,2.0,15.0,8
69,National University of Singapore (NUS),Singapore,Information Systems,85.0,6.0,1250,2.0,15.0,8
70,National University of Singapore (NUS),Singapore,Computer Engineering,85.0,6.0,1250,2.0,15.0,8
71,National University of Singapore (NUS),Singapore,Electrical Engineering,85.0,6.0,1250,2.0,15.0,8
72,National University of Singapore (NUS),Singapore,Mechanical Engineering,85.0,6.0,1250,2.0,15.0,8
73,National University of Singapore (NUS),Singapore,Chemical Engineering,85.0,6.0,1250,2.0,15.0,8
74,National University of Singapore (NUS),Singapore,Biomedical Engineering,85.0,6.0,1250,2.0,15.0,8
75,National University of Singapore (NUS),Singapore,Environmental Engineering,85.0,6.0,1250,2.0,15.0,8
76,National University of Singapore (NUS),Singapore,Civil Engineering,85.0,6.0,1250,2.0,15.0,8
77,National University of Singapore (NUS),Singapore,Materials Science and Engineering,85.0,6.0,1250,2.0,15.0,8
78,Tsinghua University,Chania,Computer Science,0.0,0.0,0,3.0,15.0,25
79,Tsinghua University,Chania,Electrical Engineering,0.0,0.0,0,3.0,15.0,25
80,Tsinghua University,Chania,Mechanical Engineering,0.0,0.0,0,3.0,15.0,25
81,Tsinghua University,Chania,Biomedical Engineering,0.0,0.0,0,3.0,15.0,25
82,Tsinghua University,Chania,Chemical Engineering,0.0,0.0,0,3.0,15.0,25
83,Tsinghua University,Chania,Civil Engineering,0.0,0.0,0,3.0,15.0,25
84,Tsinghua University,Chania,Aerospace Engineering,0.0,0.0,0,3.0,15.0,25
85,Tsinghua University,Chania,Data Science,0.0,0.0,0,3.0,15.0,25
86,Tsinghua University,Chania,Cybersecurity,0.0,0.0,0,3.0,15.0,25
87,Tsinghua University,Chania,Robotics,0.0,0.0,0,3.0,15.0,25
88,"Nanyang Technological University, Singapore (NTU)",Singapore,Aerospace Engineering,0.0,0.0,0,3.0,15.0,26
89,"Nanyang Technological University, Singapore (NTU)",Singapore,Applied Earth Sciences,0.0,0.0,0,3.0,15.0,26
90,"Nanyang Technological University, Singapore (NTU)",Singapore,Biomedical Engineering,0.0,0.0,0,3.0,15.0,26
91,"Nanyang Technological University, Singapore (NTU)",Singapore,Chemical Engineering,0.0,0.0,0,3.0,15.0,26
92,"Nanyang Technological University, Singapore (NTU)",Singapore,Civil Engineering,0.0,0.0,0,3.0,15.0,26
93,"Nanyang Technological University, Singapore (NTU)",Singapore,Computer Science,0.0,0.0,0,3.0,15.0,26
94,"Nanyang Technological University, Singapore (NTU)",Singapore,Electrical Engineering,0.0,0.0,0,3.0,15.0,26
95,"Nanyang Technological University, Singapore (NTU)",Singapore,Industrial Design Engineering,0.0,0.0,0,3.0,15.0,26
96,"Nanyang Technological University, Singapore (NTU)",Singapore,Mechanical Engineering,0.0,0.0,0,3.0,15.0,26
97,"Nanyang Technological University, Singapore (NTU)",Singapore,Sustainable Energy Technology,0.0,0.0,0,3.0,15.0,26
98,University of California,United States,Computer Science,80.0,6.0,1340,3.0,15.0,29
99,University of California,United States,Electrical Engineering,80.0,6.0,1340,3.0,15.0,29
100,University of California,United States,Mechanical Engineering,80.0,6.0,1340,3.0,15.0,29
101,University of California,United States,Civil Engineering,80.0,6.0,1340,3.0,15.0,29
102,University of California,United States,Chemical Engineering,80.0,6.0,1340,3.0,15.0,29
103,University of California,United States,Aerospace Engineering,80.0,6.0,1340,3.0,15.0,29
104,University of California,United States,Computer Engineering,80.0,6.0,1340,3.0,15.0,29
105,University of California,United States,Biomedical Engineering,80.0,6.0,1340,3.0,15.0,29
106,University of California,United States,Data Science,80.0,6.0,1340,3.0,15.0,29
107,University of California,United States,Environmental Engineering,100.0,7.0,1460,3.0,15.0,29
108,Princeton University,United States,Computer Science,100.0,7.0,1460,3.0,5.0,17
109,Princeton University,United States,Electrical Engineering,100.0,7.0,1460,3.0,5.0,17
110,Princeton University,United States,Civil Engineering,100.0,7.0,1460,3.0,5.0,17
111,Princeton University,United States,Mechanical Engineering,100.0,7.0,1460,3.0,5.0,17
112,Princeton University,United States,Chemical Engineering,100.0,7.0,1460,3.0,5.0,17
113,Princeton University,United States, Biomedical Engineering,100.0,7.0,1460,3.0,5.0,17
114,Princeton University,United States, Materials Engineering,100.0,7.0,1460,3.0,5.0,17
115,Princeton University,United States,Mining Engineering,100.0,7.0,1460,3.0,5.0,17
116,Princeton University,United States,Software Engineering,100.0,7.0,1460,3.0,5.0,17
117,Princeton University,United States,Computer Engineering,100.0,7.0,1460,3.0,5.0,17
118,Cornell University,United States,Computer Science,100.0,7.0,1390,3.0,10.0,13
119,Cornell University,United States,Electrical Engineering,100.0,7.0,1390,3.0,10.0,13
120,Cornell University,United States,Mechanical and Aerospace Engineering,100.0,7.0,1390,3.0,10.0,13
121,Cornell University,United States, Chemical and Biological Engineering,100.0,7.0,1390,3.0,10.0,13
122,Cornell University,United States,Civil and Environmental Engineering,100.0,7.0,1390,3.0,10.0,13
123,Cornell University,United States,Materials Science and Engineering,100.0,7.0,1390,3.0,10.0,13
124,Cornell University,United States,Operations Research and Financial Engineering,100.0,7.0,1390,3.0,10.0,13
125,Cornell University,United States,Applied and Computational Mathematics,100.0,7.0,1390,3.0,10.0,13
126,Cornell University,United States,Computer Engineering,100.0,7.0,1390,3.0,10.0,13
127,Cornell University,United States,Robotics and Intelligent Systems,100.0,7.0,1390,3.0,10.0,13
128,Peking University,Chania,Computer Science and Engineering,0.0,0.0,0,3.0,15.0,17
129,Peking University,Chania,Electrical Engineering,0.0,0.0,0,3.0,15.0,17
130,Peking University,Chania,Mechanical Engineering,0.0,0.0,0,3.0,15.0,17
131,Peking University,Chania,Civil Engineering,0.0,0.0,0,3.0,15.0,17
132,Peking University,Chania,Aerospace Engineering,0.0,0.0,0,3.0,15.0,17
133,Peking University,Chania,Chemical Engineering,0.0,0.0,0,3.0,15.0,17
134,Peking University,Chania,Biomedical Engineering,0.0,0.0,0,3.0,15.0,17
135,Peking University,Chania,Materials Science and Engineering,0.0,0.0,0,3.0,15.0,17
136,Peking University,Chania,Environmental Science and Engineering,0.0,0.0,0,3.0,15.0,17
137,Peking University,Chania,Industrial Engineering and Management,0.0,0.0,0,3.0,15.0,17
138,University of Cambridge,United Kingdom,Computer Science,100.0,7.0,1460,3.0,20.0,2
139,University of Cambridge,United Kingdom,Electrical Engineering,100.0,7.0,1460,3.0,20.0,2
140,University of Cambridge,United Kingdom,Mechanical Engineering,100.0,7.0,1460,3.0,20.0,2
141,University of Cambridge,United Kingdom,Chemical Engineerin,100.0,7.0,1460,3.0,20.0,2
142,University of Cambridge,United Kingdom,Bioengineering,100.0,7.0,1460,3.0,20.0,2
143,University of Cambridge,United Kingdom,Civil Engineering,100.0,7.0,1460,3.0,20.0,2
144,University of Cambridge,United Kingdom, Materials Science and Engineering,100.0,7.0,1460,3.0,20.0,2
145,University of Cambridge,United Kingdom,Aerospace Engineering,100.0,7.0,1460,3.0,20.0,2
146,University of Cambridge,United Kingdom, Environmental Engineering,100.0,7.0,1460,3.0,20.0,2
147,University of Cambridge,United Kingdom,Biomedical Engineering,100.0,7.0,1460,3.0,20.0,2
148,Imperial College London,United Kingdom,Electrical Engineering and Computer Sciences,92.0,6.5,0,2.0,14.0,6
149,Imperial College London,United Kingdom,Mechanical Engineering,92.0,6.5,0,2.0,14.0,6
150,Imperial College London,United Kingdom,Civil and Environmental Engineering,92.0,6.5,0,2.0,14.0,6
151,Imperial College London,United Kingdom,Chemical Engineering,92.0,6.5,0,2.0,14.0,6
152,Imperial College London,United Kingdom,Industrial Engineering and Operations Research,92.0,6.5,0,2.0,14.0,6
153,Imperial College London,United Kingdom,Industrial Engineering and Operations Research,92.0,6.5,0,2.0,14.0,6
154,Imperial College London,United Kingdom, Bioengineering,92.0,6.5,0,2.0,14.0,6
155,Imperial College London,United Kingdom,Materials Science and Engineering,92.0,6.5,0,2.0,14.0,6
156,Imperial College London,United Kingdom,Nuclear Engineering,92.0,6.5,0,2.0,14.0,6
157,Imperial College London,United Kingdom,Computer Science,92.0,6.5,0,2.0,14.0,6
158,University of Washington,United States,Computer Science,76.0,6.0,1310,2.0,14.0,63
159,University of Washington,United States,Electrical Engineering,76.0,6.0,1310,2.0,14.0,63
160,University of Washington,United States,Mechanical Engineering,76.0,6.0,1310,2.0,14.0,63
161,University of Washington,United States,Civil Engineering,76.0,6.0,1310,2.0,14.0,63
162,University of Washington,United States,Chemical Engineering,76.0,6.0,1310,2.0,14.0,63
163,University of Washington,United States,Industrial Engineering,76.0,6.0,1310,2.0,14.0,63
164,University of Washington,United States,Environmental Engineering,76.0,6.0,1310,2.0,14.0,63
165,University of Washington,United States,Biomedical Engineering,76.0,6.0,1310,2.0,14.0,63
166,University of Washington,United States,Telecommunications Engineering,76.0,6.0,1310,2.0,14.0,63
167,University of Washington,United States,Data Science,76.0,6.0,1310,2.0,14.0,63
168,Shanghai Jiao Tong University,Chania,Computer Science and Technology,0.0,0.0,0,2.0,15.0,51
169,Shanghai Jiao Tong University,Chania,Electronic Science and Technology,0.0,0.0,0,2.0,15.0,51
170,Shanghai Jiao Tong University,Chania, Information and Communication Engineering,0.0,0.0,0,2.0,15.0,51
171,Shanghai Jiao Tong University,Chania,Software Engineering,0.0,0.0,0,2.0,15.0,51
172,Shanghai Jiao Tong University,Chania,Electrical Engineering and Automation,0.0,0.0,0,2.0,15.0,51
173,Shanghai Jiao Tong University,Chania,Automation,0.0,0.0,0,2.0,15.0,51
174,Shanghai Jiao Tong University,Chania,Civil Engineering,0.0,0.0,0,2.0,15.0,51
175,Shanghai Jiao Tong University,Chania, Mechanical Engineering,0.0,0.0,0,2.0,15.0,51
176,Shanghai Jiao Tong University,Chania,Chemical Engineering and Technology,0.0,0.0,0,2.0,15.0,51
177,Shanghai Jiao Tong University,Chania,Biomedical Engineering,0.0,0.0,0,2.0,15.0,51
178,The University of Edinburgh,United Kingdom,Computer Science,0.0,0.0,0,2.0,15.0,22
179,The University of Edinburgh,United Kingdom,Electrical Engineering,0.0,0.0,0,2.0,15.0,22
180,The University of Edinburgh,United Kingdom, Mechanical Engineering,0.0,0.0,0,2.0,15.0,22
181,The University of Edinburgh,United Kingdom,Civil Engineering,0.0,0.0,0,2.0,15.0,22
182,The University of Edinburgh,United Kingdom,Biological Sciences,0.0,0.0,0,2.0,15.0,22
183,The University of Edinburgh,United Kingdom,Physics,0.0,0.0,0,2.0,15.0,22
184,The University of Edinburgh,United Kingdom, Mathematics,0.0,0.0,0,2.0,15.0,22
185,The University of Edinburgh,United Kingdom,Robotics and Artificial Intelligence,0.0,0.0,0,2.0,15.0,22
186,The University of Edinburgh,United Kingdom,Data Science and Analytics,0.0,0.0,0,2.0,15.0,22
187,The University of Edinburgh,United Kingdom,Artificial Intelligence,0.0,0.0,0,2.0,15.0,22
188,UCL,United Kingdom,Electrical and Electronic Engineering,92.0,6.5,1490,1.0,20.0,9
189,UCL,United Kingdom,Mechanical Engineering,92.0,6.5,1490,1.0,20.0,9
190,UCL,United Kingdom,Civil Engineering,92.0,6.5,1490,1.0,20.0,9
191,UCL,United Kingdom,Chemical Engineering,92.0,6.5,1490,1.0,20.0,9
192,UCL,United Kingdom,Aerospace Engineering,92.0,6.5,1490,1.0,20.0,9
193,UCL,United Kingdom, Materials Science and Engineering,92.0,6.5,1490,1.0,20.0,9
194,UCL,United Kingdom,Computer Science,92.0,6.5,1490,1.0,20.0,9
195,UCL,United Kingdom,Architecture,92.0,6.5,1490,1.0,20.0,9
196,UCL,United Kingdom,Environmental Engineering,92.0,6.5,1490,1.0,20.0,9
197,UCL,United Kingdom, Industrial Engineering,92.0,6.5,1490,1.0,20.0,9
198,Columbia University,United States,Aerospace Engineering,100.0,7.0,0,3.0,6.0,23
199,Columbia University,United States,Biomedical Engineering,100.0,7.0,0,3.0,6.0,23
200,Columbia University,United States,Chemical Engineering,100.0,7.0,0,3.0,6.0,23
201,Columbia University,United States,Civil Engineering,100.0,7.0,0,3.0,6.0,23
202,Columbia University,United States,Computer Engineering,100.0,7.0,0,3.0,6.0,23
203,Columbia University,United States,Electrical Engineering,100.0,7.0,0,3.0,6.0,23
204,Columbia University,United States,Industrial Engineering,100.0,7.0,0,3.0,6.0,23
205,Columbia University,United States,Mechanical Engineering,100.0,7.0,0,3.0,6.0,23
206,Columbia University,United States,Nuclear Engineering,100.0,7.0,0,3.0,6.0,23
207,Columbia University,United States,Petroleum Engineering,100.0,7.0,0,3.0,6.0,38
208,New York University (NYU),United States,Computer Science,100.0,7.0,1290,2.0,30.0,38
209,New York University (NYU),United States,Electrical Engineering,100.0,7.0,1290,2.0,30.0,38
210,New York University (NYU),United States,Mechanical Engineering,100.0,7.0,1290,2.0,30.0,38
211,New York University (NYU),United States,Civil Engineering,100.0,7.0,1290,2.0,30.0,38
212,New York University (NYU),United States,Bioengineering,100.0,7.0,1290,2.0,30.0,38
213,New York University (NYU),United States,Chemical Engineering,100.0,7.0,1290,2.0,30.0,38
214,New York University (NYU),United States, Environmental Engineering,100.0,7.0,1290,2.0,30.0,38
215,New York University (NYU),United States,Computer Engineering,100.0,7.0,1290,2.0,30.0,38
216,New York University (NYU),United States,Data Science,100.0,7.0,1290,2.0,30.0,38
217,New York University (NYU),United States,Cybersecurity,100.0,7.0,1290,2.0,30.0,38
218,Georgia Institute of Technology,United States,Computer Science,90.0,6.0,1400,0.0,15.0,97
219,Georgia Institute of Technology,United States,Electrical Engineering,90.0,6.0,1400,0.0,15.0,97
220,Georgia Institute of Technology,United States,Mechanical Engineering,90.0,6.0,1400,0.0,15.0,97
221,Georgia Institute of Technology,United States,erospace Engineering,90.0,6.0,1400,0.0,15.0,97
222,Georgia Institute of Technology,United States,Civil Engineering,90.0,6.0,1400,0.0,15.0,97
223,Georgia Institute of Technology,United States, Industrial Engineering,90.0,6.0,1400,0.0,15.0,97
224,Georgia Institute of Technology,United States,Chemical and Biomolecular Engineering,90.0,6.0,1400,0.0,15.0,97
225,Georgia Institute of Technology,United States,Environmental Engineering,90.0,6.0,1400,0.0,15.0,97
226,Georgia Institute of Technology,United States,Biomedical Engineering,90.0,6.0,1400,0.0,15.0,97
227,Georgia Institute of Technology,United States,Materials Science and Engineering,90.0,6.0,1400,0.0,15.0,97
228,University of Texas at Austin,United States,Computer Science,79.0,6.0,1170,2.0,15.0,58
229,University of Texas at Austin,United States, Electrical Engineering,79.0,6.0,1170,2.0,15.0,58
230,University of Texas at Austin,United States, Civil Engineering,79.0,6.0,1170,2.0,15.0,58
231,University of Texas at Austin,United States,Mechanical Engineering,79.0,6.0,1170,2.0,15.0,58
232,University of Texas at Austin,United States,Bioengineering,79.0,6.0,1170,2.0,15.0,58
233,University of Texas at Austin,United States,Materials Science and Engineering,79.0,6.0,1170,2.0,15.0,58
234,University of Texas at Austin,United States,Aerospace Engineering,79.0,6.0,1170,2.0,15.0,58
235,University of Texas at Austin,United States,Environmental Engineering,79.0,6.0,1170,2.0,15.0,58
236,University of Texas at Austin,United States,Industrial Engineering,79.0,6.0,1170,2.0,15.0,58
237,University of Texas at Austin,United States,Mechanical Engineering,79.0,6.0,1170,2.0,15.0,58
238,University of Michigan-Ann Arbor,United States,Aerospace Engineering,100.0,7.0,0,2.0,23.0,33
239,University of Michigan-Ann Arbor,United States,Biomedical Engineering,100.0,7.0,0,2.0,23.0,33
240,University of Michigan-Ann Arbor,United States,Chemical Engineering,100.0,7.0,0,2.0,23.0,33
241,University of Michigan-Ann Arbor,United States,Civil Engineering,100.0,7.0,0,2.0,23.0,33
242,University of Michigan-Ann Arbor,United States, Computer Engineering,100.0,7.0,0,2.0,23.0,33
243,University of Michigan-Ann Arbor,United States,Electrical Engineering,100.0,7.0,0,2.0,23.0,33
244,University of Michigan-Ann Arbor,United States,Data Science,100.0,7.0,0,2.0,23.0,33
245,University of Michigan-Ann Arbor,United States,Materials Engineering,100.0,7.0,0,2.0,23.0,33
246,University of Michigan-Ann Arbor,United States,Mechanical Engineering,100.0,7.0,0,2.0,23.0,33
247,University of Michigan-Ann Arbor,United States, Nuclear Engineering,100.0,7.0,0,2.0,23.0,33
248,Zhejiang University,Chania,Computer Science,0.0,0.0,0,3.0,15.0,44
249,Zhejiang University,Chania,Mechanical Engineering,0.0,0.0,0,3.0,15.0,44
250,Zhejiang University,Chania,Electrical Engineering,0.0,0.0,0,3.0,15.0,44
251,Zhejiang University,Chania,Chemical Engineering,0.0,0.0,0,3.0,15.0,44
252,Zhejiang University,Chania,Civil Engineering,0.0,0.0,0,3.0,15.0,44
253,Zhejiang University,Chania,Aerospace Engineering,0.0,0.0,0,3.0,15.0,44
254,Zhejiang University,Chania,Biomedical Engineering,0.0,0.0,0,3.0,15.0,44
255,Zhejiang University,Chania,Information Technology,0.0,0.0,0,3.0,15.0,44
256,Zhejiang University,Chania, Robotics and Automation Engineering,0.0,0.0,0,3.0,15.0,44
257,Zhejiang University,Chania,Industrial Engineering,0.0,0.0,0,3.0,15.0,44
258,University of Southern California,United States, Civil Engineering,100.0,7.0,1360,2.0,13.0,116
259,University of Southern California,United States, Mechanical Engineering,100.0,7.0,1360,2.0,13.0,116
260,University of Southern California,United States,Electrical Engineering,100.0,7.0,1360,2.0,13.0,116
261,University of Southern California,United States,Chemical Engineering,100.0,7.0,1360,2.0,13.0,116
262,University of Southern California,United States, Computer Science,100.0,7.0,1360,2.0,13.0,116
263,University of Southern California,United States,Industrial Engineering,100.0,7.0,1360,2.0,13.0,116
264,University of Southern California,United States,Mining Engineering,100.0,7.0,1360,2.0,13.0,116
265,University of Southern California,United States,Environmental Engineering,100.0,7.0,1360,2.0,13.0,116
266,University of Southern California,United States,Biomedical Engineering,100.0,7.0,1360,2.0,13.0,116
267,University of Southern California,United States,Aerospace Engineering,100.0,7.0,1360,2.0,13.0,116
268,Technical University of Munich,Germany,Computer Science,0.0,0.0,0,3.0,20.0,37
269,Technical University of Munich,Germany,Electrical Engineering and Information Technology,0.0,0.0,0,3.0,20.0,37
270,Technical University of Munich,Germany,Information Technology,0.0,0.0,0,3.0,20.0,37
271,Technical University of Munich,Germany,Aerospace Engineering,0.0,0.0,0,3.0,20.0,37
272,Technical University of Munich,Germany,Chemical Engineering,0.0,0.0,0,3.0,20.0,37
273,Technical University of Munich,Germany,Civil Engineering,0.0,0.0,0,3.0,20.0,37
274,Technical University of Munich,Germany, Bioengineering,0.0,0.0,0,3.0,20.0,37
275,Technical University of Munich,Germany,Industrial Engineering,0.0,0.0,0,3.0,20.0,37
276,Technical University of Munich,Germany,Data Science,0.0,0.0,0,3.0,20.0,37
277,Technical University of Munich,Germany,Computer Science,0.0,0.0,0,3.0,20.0,37
278,University of Illinois at Urbana-Champaign,United States,Computer Science,102.0,7.0,1270,3.0,19.0,64
279,University of Illinois at Urbana-Champaign,United States,Electrical Engineering,102.0,7.0,1270,3.0,19.0,64
280,University of Illinois at Urbana-Champaign,United States, Mechanical Engineering,102.0,7.0,1270,3.0,19.0,64
281,University of Illinois at Urbana-Champaign,United States,Civil Engineering,102.0,7.0,1270,3.0,19.0,64
282,University of Illinois at Urbana-Champaign,United States,Computer Engineering,102.0,7.0,1270,3.0,19.0,64
283,University of Illinois at Urbana-Champaign,United States,Aerospace Engineering,102.0,7.0,1270,3.0,19.0,64
284,University of Illinois at Urbana-Champaign,United States, Chemical Engineering,102.0,7.0,1270,3.0,19.0,64
285,University of Illinois at Urbana-Champaign,United States,Industrial Engineering,102.0,7.0,1270,3.0,19.0,64
286,University of Illinois at Urbana-Champaign,United States,Materials Science and Engineering,102.0,7.0,1270,3.0,19.0,64
287,University of Illinois at Urbana-Champaign,United States,Bioengineering,102.0,7.0,1270,3.0,19.0,64
288,"University of California, San Diego (UCSD)",United States,Artificial Intelligence,83.0,7.0,1390,3.0,15.0,62
289,"University of California, San Diego (UCSD)",United States,Computer Science,83.0,7.0,1390,3.0,15.0,62
290,"University of California, San Diego (UCSD)",United States,Electrical Engineering,83.0,7.0,1390,3.0,15.0,62
291,"University of California, San Diego (UCSD)",United States,Mechanical Engineering,83.0,7.0,1390,3.0,15.0,62
292,"University of California, San Diego (UCSD)",United States,Chemical Engineering,83.0,7.0,1390,3.0,15.0,62
293,"University of California, San Diego (UCSD)",United States,Civil Engineering,83.0,7.0,1390,3.0,15.0,62
294,"University of California, San Diego (UCSD)",United States,Industrial and Systems Engineering,83.0,7.0,1390,3.0,15.0,62
295,"University of California, San Diego (UCSD)",United States,Materials Science and Engineering,83.0,7.0,1390,3.0,15.0,62
296,"University of California, San Diego (UCSD)",United States,Biomedical Engineering,83.0,7.0,1390,3.0,15.0,62
297,"University of California, San Diego (UCSD)",United States,Data Scince ,83.0,7.0,1390,3.0,15.0,62
298,University of Pennsylvania,United States,Computer Science,100.0,7.0,1420,2.0,8.0,12
299,University of Pennsylvania,United States,Electrical Engineering,100.0,7.0,1420,2.0,8.0,12
300,University of Pennsylvania,United States, Mechanical Engineering,100.0,7.0,1420,2.0,8.0,12
301,University of Pennsylvania,United States,Bioengineering,100.0,7.0,1420,2.0,8.0,12
302,University of Pennsylvania,United States,Chemical Engineering,100.0,7.0,1420,2.0,8.0,12
303,University of Pennsylvania,United States,Materials Science and Engineering,100.0,7.0,1420,2.0,8.0,12
304,University of Pennsylvania,United States,Systems Engineering,100.0,7.0,1420,2.0,8.0,12
305,University of Pennsylvania,United States,Biomedical Science,100.0,7.0,1420,2.0,8.0,12
306,University of Pennsylvania,United States,igital Media Design,100.0,7.0,1420,2.0,8.0,12
307,University of Pennsylvania,United States,Data Science,100.0,7.0,1420,2.0,8.0,12
308,"University of Maryland, College Park",United States,Artificial Intelligence,100.0,7.0,1380,1.0,5.0,57
309,"University of Maryland, College Park",United States,Computer Science,100.0,7.0,1380,1.0,5.0,57
310,"University of Maryland, College Park",United States,Electrical and Electronic Engineering,100.0,7.0,1380,1.0,5.0,57
311,"University of Maryland, College Park",United States,Mechanical Engineering,100.0,7.0,1380,1.0,5.0,57
312,"University of Maryland, College Park",United States,Civil Engineering,100.0,7.0,1380,1.0,5.0,57
313,"University of Maryland, College Park",United States,Robotics Engineering,100.0,7.0,1380,1.0,5.0,57
314,"University of Maryland, College Park",United States,Data Science,100.0,7.0,1380,1.0,5.0,57
315,"University of Maryland, College Park",United States,Machine learning,100.0,7.0,1380,1.0,5.0,57
316,"University of Maryland, College Park",United States,Materials Science and Engineering,100.0,7.0,1380,1.0,5.0,57
317,"University of Maryland, College Park",United States,Biomedical Engineering,100.0,7.0,1380,1.0,5.0,57
318,"University of North Carolina, Chapel Hill",United States,Computer Science,0.0,5.5,0,0.0,15.0,132
319,"University of North Carolina, Chapel Hill",United States,Electrical Engineering,0.0,5.5,0,0.0,15.0,132
320,"University of North Carolina, Chapel Hill",United States,Mechanical Engineering,0.0,5.5,0,0.0,15.0,132
321,"University of North Carolina, Chapel Hill",United States,Biomedical Engineering,0.0,5.5,0,0.0,15.0,132
322,"University of North Carolina, Chapel Hill",United States,Information Science,0.0,5.5,0,0.0,15.0,132
323,"University of North Carolina, Chapel Hill",United States,Computer Engineering,0.0,5.5,0,0.0,15.0,132
324,"University of North Carolina, Chapel Hill",United States,Environmental Engineering,0.0,5.5,0,0.0,15.0,132
325,"University of North Carolina, Chapel Hill",United States,Chemical Engineering,0.0,5.5,0,0.0,15.0,132
326,"University of North Carolina, Chapel Hill",United States,Applied Mathematics,0.0,5.5,0,0.0,15.0,132
327,"University of North Carolina, Chapel Hill",United States, Physics,0.0,5.5,0,0.0,15.0,132
328,Johns Hopkins University,United States,Computer Science,100.0,7.0,1520,2.0,9.0,28
329,Johns Hopkins University,United States,Electrical Engineering,100.0,7.0,1520,2.0,9.0,28
330,Johns Hopkins University,United States, Mechanical Engineering,100.0,7.0,1520,2.0,9.0,28
331,Johns Hopkins University,United States, Aerospace Engineering,100.0,7.0,1520,2.0,9.0,28
332,Johns Hopkins University,United States,Civil Engineering,100.0,7.0,1520,2.0,9.0,28
333,Johns Hopkins University,United States,Chemical Engineering,100.0,7.0,1520,2.0,9.0,28
334,Johns Hopkins University,United States,Industrial and Systems Engineering,100.0,7.0,1520,2.0,9.0,28
335,Johns Hopkins University,United States,Biomedical Engineering,100.0,7.0,1520,2.0,9.0,28
336,Johns Hopkins University,United States,Environmental Engineering,100.0,7.0,1520,2.0,9.0,28
337,Johns Hopkins University,United States,Materials Science and Engineering,100.0,7.0,1520,2.0,9.0,28
338,University of Chicago,United States, Aerospace Engineering,100.0,7.0,1020,2.0,10.0,11
339,University of Chicago,United States,Biomedical Engineering,100.0,7.0,1020,2.0,10.0,11
340,University of Chicago,United States,Data Science,100.0,7.0,1020,2.0,10.0,11
341,University of Chicago,United States,Computer Engineering,100.0,7.0,1020,2.0,10.0,11
342,University of Chicago,United States,Electrical Engineering,100.0,7.0,1020,2.0,10.0,11
343,University of Chicago,United States,Environmental Engineering,100.0,7.0,1020,2.0,10.0,11
344,University of Chicago,United States,Industrial and Systems Engineering,100.0,7.0,1020,2.0,10.0,11
345,University of Chicago,United States,Mechanical Engineering,100.0,7.0,1020,2.0,10.0,11
346,University of Chicago,United States,Petroleum Engineering,100.0,7.0,1020,2.0,10.0,11
347,University of Chicago,United States,Civil Engineering,100.0,7.0,1020,2.0,10.0,11
348,Duke University,United States,Chemical Engineering,100.0,7.0,1490,2.0,8.0,57
349,Duke University,United States,Computer Science,100.0,7.0,1490,2.0,8.0,57
350,Duke University,United States,Electrical and Computer Engineering,100.0,7.0,1490,2.0,8.0,57
351,Duke University,United States, Mechanical Engineering,100.0,7.0,1490,2.0,8.0,57
352,Duke University,United States,Biomedical Engineering,100.0,7.0,1490,2.0,8.0,57
353,Duke University,United States,Civil and Environmental Engineering,100.0,7.0,1490,2.0,8.0,57
354,Duke University,United States,Environmental Sciences and Policy,100.0,7.0,1490,2.0,8.0,57
355,Duke University,United States,Statistical Science,100.0,7.0,1490,2.0,8.0,57
356,Duke University,United States, Mathematics,100.0,7.0,1490,2.0,8.0,57
357,Duke University,United States,Physics,100.0,7.0,1490,2.0,8.0,57
358,King’s College London,United Kingdom,Computer Science,100.0,7.0,1490,2.0,15.0,40
359,King’s College London,United Kingdom,Electrical and Electronic Engineering,100.0,7.0,1490,2.0,15.0,40
360,King’s College London,United Kingdom, Mathematics with Computer Science,100.0,7.0,1490,2.0,15.0,40
361,King’s College London,United Kingdom,Civil Engineering ,100.0,7.0,1490,2.0,15.0,40
362,King’s College London,United Kingdom,Biomedical Engineering,100.0,7.0,1490,2.0,15.0,40
363,King’s College London,United Kingdom,Physics,100.0,7.0,1490,2.0,15.0,40
364,King’s College London,United Kingdom, Chemistry ,100.0,7.0,1490,2.0,15.0,40
365,King’s College London,United Kingdom, Robotics Engineering,100.0,7.0,1490,2.0,15.0,40
366,King’s College London,United Kingdom,Biochemistry,100.0,7.0,1490,2.0,15.0,40
367,King’s College London,United Kingdom,Biotechnology,100.0,7.0,1490,2.0,15.0,40
368,The University of Manchester,United Kingdom,Computer Science and Technology,80.0,6.0,1290,2.0,59.0,32
369,The University of Manchester,United Kingdom,Electronic Information Engineering,80.0,6.0,1290,2.0,59.0,32
370,The University of Manchester,United Kingdom,Software Engineering,80.0,6.0,1290,2.0,59.0,32
371,The University of Manchester,United Kingdom,Telecommunication Engineering,80.0,6.0,1290,2.0,59.0,32
372,The University of Manchester,United Kingdom,Information Security,80.0,6.0,1290,2.0,59.0,32
373,The University of Manchester,United Kingdom, Data Science ,80.0,6.0,1290,2.0,59.0,32
374,The University of Manchester,United Kingdom,Artificial Intelligence,80.0,6.0,1290,2.0,59.0,32
375,The University of Manchester,United Kingdom,Internet of Things Engineering,80.0,6.0,1290,2.0,59.0,32
376,The University of Manchester,United Kingdom,Robotics Engineering,80.0,6.0,1290,2.0,59.0,32
377,The University of Manchester,United Kingdom,Cybersecurity Engineering,80.0,6.0,1290,2.0,59.0,32
378,Michigan State University,United States,Computer Science ,79.0,6.0,1130,0.0,15.0,136
379,Michigan State University,United States, Electrical Engineering,79.0,6.0,1130,0.0,15.0,136
380,Michigan State University,United States, Mechanical Engineering,79.0,6.0,1130,0.0,15.0,136
381,Michigan State University,United States,Civil Engineering,79.0,6.0,1130,0.0,15.0,136
382,Michigan State University,United States,Biomedical Engineering,79.0,6.0,1130,0.0,15.0,136
383,Michigan State University,United States,Chemical Engineering,79.0,6.0,1130,0.0,15.0,136
384,Michigan State University,United States,Computer Engineering,79.0,6.0,1130,0.0,15.0,136
385,Michigan State University,United States,Environmental Engineering,79.0,6.0,1130,0.0,15.0,136
386,Michigan State University,United States,Software Engineering ,79.0,6.0,1130,0.0,15.0,136
387,Michigan State University,United States,Industrial Engineering,79.0,6.0,1130,0.0,15.0,136
388,Brown University,United States,Computer Science,100.0,8.0,1488,2.0,15.0,49
389,Brown University,United States,Electrical Engineering,100.0,8.0,1488,2.0,15.0,49
390,Brown University,United States,Mechanical Engineering,100.0,8.0,1488,2.0,15.0,49
391,Brown University,United States,Chemical Engineering,100.0,8.0,1488,2.0,15.0,49
392,Brown University,United States, Civil Engineering,100.0,8.0,1488,2.0,15.0,49
393,Brown University,United States, Biomedical Engineering,100.0,8.0,1488,2.0,15.0,49
394,Brown University,United States,Applied Mathematics,100.0,8.0,1488,2.0,15.0,49
395,Brown University,United States, Materials Science and Engineering,100.0,8.0,1488,2.0,15.0,49
396,Brown University,United States,Data Science,100.0,8.0,1488,2.0,15.0,49
397,Brown University,United States,Robotics and Automation Engineering,100.0,8.0,1488,2.0,15.0,49
398,Pennsylvania State University,United States,Computer Science and Technology,80.0,6.0,1330,1.0,15.0,83
399,Pennsylvania State University,United States,Electronic Information Engineering,80.0,6.0,1330,1.0,15.0,83
400,Pennsylvania State University,United States,Automation,80.0,6.0,1330,1.0,15.0,83
401,Pennsylvania State University,United States,Electrical Engineering and Automation,80.0,6.0,1330,1.0,15.0,83
402,Pennsylvania State University,United States,Mechanical Engineering,80.0,6.0,1330,1.0,15.0,83
403,Pennsylvania State University,United States,Civil Engineering,80.0,6.0,1330,1.0,15.0,83
404,Pennsylvania State University,United States,Materials Science and Engineering,80.0,6.0,1330,1.0,15.0,83
405,Pennsylvania State University,United States,Environmental Science and Engineering,80.0,6.0,1330,1.0,15.0,83
406,Pennsylvania State University,United States,Chemical Engineering and Technology,80.0,6.0,1330,1.0,15.0,83
407,Pennsylvania State University,United States,Data Science,80.0,6.0,1330,1.0,15.0,83
408,Arizona State University,United States,Computer Science,60.0,6.0,1120,1.0,57.0,179
409,Arizona State University,United States,Electrical Engineering,60.0,6.0,1120,1.0,57.0,179
410,Arizona State University,United States,Mechanical Engineering,60.0,6.0,1120,1.0,57.0,179
411,Arizona State University,United States, Aerospace Engineerig,60.0,6.0,1120,1.0,57.0,179
412,Arizona State University,United States,Biomedical Engineering,60.0,6.0,1120,1.0,57.0,179
413,Arizona State University,United States,Chemical Engineering,60.0,6.0,1120,1.0,57.0,179
414,Arizona State University,United States,Civil Engineering,60.0,6.0,1120,1.0,57.0,179
415,Arizona State University,United States,Industrial Engineering,60.0,6.0,1120,1.0,57.0,179
416,Arizona State University,United States,Software Engineering,60.0,6.0,1120,1.0,57.0,179
417,Arizona State University,United States,Materials Science and Engineering,60.0,6.0,1120,1.0,57.0,179
418,Virginia Polytechnic Institute and State University,United States,Computer Science,80.0,6.0,1100,1.0,57.0,302
419,Virginia Polytechnic Institute and State University,United States,Electrical Engineering,80.0,6.0,1100,1.0,57.0,302
420,Virginia Polytechnic Institute and State University,United States,Mechanical Engineering,80.0,6.0,1100,1.0,57.0,302
421,Virginia Polytechnic Institute and State University,United States, Civil Engineering,80.0,6.0,1100,1.0,57.0,302
422,Virginia Polytechnic Institute and State University,United States,Chemical Engineering,80.0,6.0,1100,1.0,57.0,302
423,Virginia Polytechnic Institute and State University,United States,Aerospace Engineering,80.0,6.0,1100,1.0,57.0,302
424,Virginia Polytechnic Institute and State University,United States, Biomedical Engineering,80.0,6.0,1100,1.0,57.0,302
425,Virginia Polytechnic Institute and State University,United States,Environmental Engineering,80.0,6.0,1100,1.0,57.0,302
426,Virginia Polytechnic Institute and State University,United States,Industrial and Systems Engineering,80.0,6.0,1100,1.0,57.0,302
427,Virginia Polytechnic Institute and State University,United States, Materials Science,80.0,6.0,1100,1.0,57.0,302
428,The Ohio State University,United States,Computer Science,79.0,6.0,1300,1.0,52.0,151
429,The Ohio State University,United States,Electrical Engineering,79.0,6.0,1300,1.0,52.0,151
430,The Ohio State University,United States,Mechanical Engineering,79.0,6.0,1300,1.0,52.0,151
431,The Ohio State University,United States,Civil Engineering,79.0,6.0,1300,1.0,52.0,151
432,The Ohio State University,United States,Chemical Engineering,79.0,6.0,1300,1.0,52.0,151
433,The Ohio State University,United States,Industrial Engineering,79.0,6.0,1300,1.0,52.0,151
434,The Ohio State University,United States, Petroleum Engineering,79.0,6.0,1300,1.0,52.0,151
435,The Ohio State University,United States,Software Engineering,79.0,6.0,1300,1.0,52.0,151
436,The Ohio State University,United States,Biomedical Engineering,79.0,6.0,1300,1.0,52.0,151
437,The Ohio State University,United States,Aerospace Engineering,79.0,6.0,1300,1.0,52.0,151
438,University of Birmingham,United Kingdom,Computer Science,80.0,6.0,1320,1.0,52.0,84
439,University of Birmingham,United Kingdom,Electrical Engineering,80.0,6.0,1320,1.0,52.0,84
440,University of Birmingham,United Kingdom,Mechanical Engineering,80.0,6.0,1320,1.0,52.0,84
441,University of Birmingham,United Kingdom,Civil Engineering,80.0,6.0,1320,1.0,52.0,84
442,University of Birmingham,United Kingdom,Aerospace Engineering,80.0,6.0,1320,1.0,52.0,84
443,University of Birmingham,United Kingdom,Chemical Engineering,80.0,6.0,1320,1.0,52.0,84
444,University of Birmingham,United Kingdom,Materials Science and Engineering,80.0,6.0,1320,1.0,52.0,84
445,University of Birmingham,United Kingdom,Biomedical Engineering,80.0,6.0,1320,1.0,52.0,84
446,University of Birmingham,United Kingdom,Environmental Engineering,80.0,6.0,1320,1.0,52.0,84
447,University of Birmingham,United Kingdom,Robotics and Artificial Intelligence,80.0,6.0,1320,1.0,52.0,84
448,Queen Mary University of London,United Kingdom, Computer Science,79.0,5.5,1200,1.0,5.0,145
449,Queen Mary University of London,United Kingdom,Software Engineering,79.0,5.5,1200,1.0,5.0,145
450,Queen Mary University of London,United Kingdom,Electrical Engineering,79.0,5.5,1200,1.0,5.0,145
451,Queen Mary University of London,United Kingdom,Mechanical Engineerin,79.0,5.5,1200,1.0,5.0,145
452,Queen Mary University of London,United Kingdom,Civil Engineering,79.0,5.5,1200,1.0,5.0,145
453,Queen Mary University of London,United Kingdom, Aerospace Engineering,79.0,5.5,1200,1.0,5.0,145
454,Queen Mary University of London,United Kingdom,Biomedical Engineering,79.0,5.5,1200,1.0,5.0,145
455,Queen Mary University of London,United Kingdom,Robotics and Artificial Intelligence,79.0,5.5,1200,1.0,5.0,145
456,Queen Mary University of London,United Kingdom,Information Technology Management for Business,79.0,5.5,1200,1.0,5.0,145
457,Queen Mary University of London,United Kingdom,Data Science,79.0,5.5,1200,1.0,5.0,145
458,Yale University,United States,Computer Science,100.0,7.0,1450,2.0,4.0,16
459,Yale University,United States, Electrical Engineering,100.0,7.0,1450,2.0,4.0,16
460,Yale University,United States,Civil Engineering,100.0,7.0,1450,2.0,4.0,16
461,Yale University,United States,Mechanical Engineering,100.0,7.0,1450,2.0,4.0,16
462,Yale University,United States,Chemical Engineering,100.0,7.0,1450,2.0,4.0,16
463,Yale University,United States,Data Science,100.0,7.0,1450,2.0,4.0,16
464,Yale University,United States, Cybersecurity,100.0,7.0,1450,2.0,4.0,16
465,Yale University,United States,Biomedical Engineering,100.0,7.0,1450,2.0,4.0,16
466,Yale University,United States,Aerospace Engineering,100.0,7.0,1450,2.0,4.0,16
467,Yale University,United States,Robotics Engineering,100.0,7.0,1450,2.0,4.0,16
468,California Institute of Technology (Caltech),United States,Computer Science and Technology,110.0,6.0,1520,2.0,10.0,15
469,California Institute of Technology (Caltech),United States,Electronic Information Engineering,110.0,6.0,1520,2.0,10.0,15
470,California Institute of Technology (Caltech),United States,Automation,110.0,6.0,1520,2.0,10.0,15
471,California Institute of Technology (Caltech),United States,Mechanical Engineering,110.0,6.0,1520,2.0,10.0,15
472,California Institute of Technology (Caltech),United States,Civil Engineering,110.0,6.0,1520,2.0,10.0,15
473,California Institute of Technology (Caltech),United States,Environmental Engineering,110.0,6.0,1520,2.0,10.0,15
474,California Institute of Technology (Caltech),United States,Chemical Engineering,110.0,6.0,1520,2.0,10.0,15
475,California Institute of Technology (Caltech),United States,Materials Science and Engineering,110.0,6.0,1520,2.0,10.0,15
476,California Institute of Technology (Caltech),United States,Aerospace Engineering,110.0,6.0,1520,2.0,10.0,15
477,California Institute of Technology (Caltech),United States,Electrical Engineering,110.0,6.0,1520,2.0,10.0,15
478,Purdue University,United States,Electrical Engineering,80.0,6.0,1190,3.0,57.0,99
479,Purdue University,United States,Computer Science,80.0,6.0,1190,3.0,57.0,99
480,Purdue University,United States,Mechanical Engineering,80.0,6.0,1190,3.0,57.0,99
481,Purdue University,United States,Chemical Engineering,80.0,6.0,1190,3.0,57.0,99
482,Purdue University,United States,Civil Engineering,80.0,6.0,1190,3.0,57.0,99
483,Purdue University,United States,Industrial Engineering,80.0,6.0,1190,3.0,57.0,99
484,Purdue University,United States,Materials Science and Engineering,80.0,6.0,1190,3.0,57.0,99
485,Purdue University,United States,Data Science,80.0,6.0,1190,3.0,57.0,99
486,Purdue University,United States,Bioengineering,80.0,6.0,1190,3.0,57.0,99
487,Purdue University,United States,Aerospace Engineering,80.0,6.0,1190,2.0,57.0,99
488,Boston University,United States, Environmental Engineering,90.0,7.0,1360,2.0,15.0,70
489,Boston University,United States,Computer Science,90.0,7.0,1360,2.0,15.0,70
490,Boston University,United States,Electrical Engineering,90.0,7.0,1360,2.0,15.0,70
491,Boston University,United States,Mechanical Engineering,90.0,7.0,1360,2.0,15.0,70
492,Boston University,United States,Biomedical Engineering,90.0,7.0,1360,2.0,15.0,70
493,Boston University,United States,Computer Engineering,90.0,7.0,1360,2.0,15.0,70
494,Boston University,United States,Industrial Engineering,90.0,7.0,1360,2.0,15.0,70
495,Boston University,United States,Bioinformatics,90.0,7.0,1360,2.0,15.0,70
496,Boston University,United States,Materials Science and Engineering,90.0,7.0,1360,2.0,15.0,70
497,Boston University,United States,Information Systems,90.0,7.0,1360,2.0,15.0,70
498, University of Florida,United States,Computer Science and Engineering,80.0,6.0,0,2.0,38.0,168
499, University of Florida,United States,Data Science,80.0,6.0,0,2.0,38.0,168
500, University of Florida,United States,Electrical Engineering,80.0,6.0,0,2.0,38.0,168
501, University of Florida,United States,Mechanical Engineering,80.0,6.0,0,2.0,38.0,168
502, University of Florida,United States,Software Engineering,80.0,6.0,0,2.0,38.0,168
503, University of Florida,United States,Chemical Engineering,80.0,6.0,0,2.0,38.0,168
504, University of Florida,United States,Civil Engineering,80.0,6.0,0,2.0,38.0,168
505, University of Florida,United States,Biomedical Engineering,80.0,6.0,0,2.0,38.0,168
506, University of Florida,United States,Nanotechnology Engineering,80.0,6.0,0,2.0,38.0,168
507, University of Florida,United States,Systems Design Engineering,80.0,6.0,0,2.0,38.0,168
508,Politecnico di Milano,Italy,Aerospace Engineering,59,5,0,0.0,80.0,123
509,Politecnico di Milano,Italy,Biomedical Engineering,59,5,0,0.0,80.0,123
510,Politecnico di Milano,Italy,Chemical Engineering,59,5,0,0.0,80.0,123
511,Politecnico di Milano,Italy,Civil Engineering,59,5,0,0.0,80.0,123
512,Politecnico di Milano,Italy,Computer Engineering,59,5,0,0.0,80.0,123
513,Politecnico di Milano,Italy,Electrical Engineering,59,5,0,0.0,80.0,123
514,Politecnico di Milano,Italy,Environmental Engineering,59,5,0,0.0,80.0,123
515,Politecnico di Milano,Italy,Industrial Engineering,59,5,0,0.0,80.0,123
516,Politecnico di Milano,Italy,Mechanical Engineering,59,5,0,0.0,80.0,123
517,Politecnico di Milano,Italy,Materials Science and Engineering,59,5,0,0.0,80.0,123
518,Sorbonne University,France,Computer Science,0,0,0,3.0,28.0,59
519,Sorbonne University,France,Electrical Engineering,0,0,0,3.0,28.0,59
520,Sorbonne University,France,Mechanical Engineering,0,0,0,3.0,28.0,59
521,Sorbonne University,France,Civil Engineering,0,0,0,3.0,28.0,59
522,Sorbonne University,France,Materials Science and Engineering,0,0,0,3.0,28.0,59
523,Sorbonne University,France,Biomedical Engineering,0,0,0,3.0,28.0,59
524,Sorbonne University,France,Chemical Engineering,0,0,0,3.0,28.0,59
525,Sorbonne University,France,Environmental Engineering,0,0,0,3.0,28.0,59
526,Sorbonne University,France,Aerospace Engineering,0,0,0,3.0,28.0,59
527,Sorbonne University,France,Industrial Engineering,0,0,0,3.0,28.0,59
528,Harbin Institute of Technology,China,Computer Science,0,0,0,3.0,49.0,256
529,Harbin Institute of Technology,China,Electrical Engineering,0,0,0,3.0,49.0,256
530,Harbin Institute of Technology,China,Mechanical Engineering,0,0,0,3.0,49.0,256
531,Harbin Institute of Technology,China,Civil Engineering,0,0,0,3.0,49.0,256
532,Harbin Institute of Technology,China,Chemical Engineering,0,0,0,3.0,49.0,256
533,Harbin Institute of Technology,China,Aerospace Engineering,0,0,0,3.0,49.0,256
534,Harbin Institute of Technology,China,Materials Science and Engineering,0,0,0,3.0,49.0,256
535,Harbin Institute of Technology,China,Biotechnology,0,0,0,3.0,49.0,256
536,Harbin Institute of Technology,China,Environmental Engineering,0,0,0,3.0,49.0,256
537,Harbin Institute of Technology,China,Software Engineering,0,0,0,3.0,49.0,256
538,University of Southampton,United Kingdom,Electrical and Electronic Engineering,95,7,0,3.0,84.0,81
539,University of Southampton,United Kingdom,Computer Science,95,7,0,3.0,84.0,81
540,University of Southampton,United Kingdom,Mechanical Engineering,95,7,0,3.0,84.0,81
541,University of Southampton,United Kingdom,Civil Engineering,95,7,0,3.0,84.0,81
542,University of Southampton,United Kingdom,Aerospace Engineering,95,7,0,3.0,84.0,81
543,University of Southampton,United Kingdom,Biomedical Engineering,95,7,0,3.0,84.0,81
544,University of Southampton,United Kingdom,Environmental Science and Engineering,95,7,0,3.0,84.0,81
545,University of Southampton,United Kingdom,Acoustical Engineering,95,7,0,3.0,84.0,81
546,University of Southampton,United Kingdom,Software Engineering,95,7,0,3.0,84.0,81
547,University of Southampton,United Kingdom,Web Science and Big Data Analytics,95,7,0,3.0,84.0,81
548,Korea University,South Korea,Computer Science,80 ,5.5 ,1400 ,2.0,25.0,79
549,Korea University,South Korea,Electrical Engineering,80 ,5.5 ,1400 ,2.0,25.0,79
550,Korea University,South Korea,Mechanical Engineering,80 ,5.5 ,1400 ,2.0,25.0,79
551,Korea University,South Korea,Biomedical Engineering,80 ,5.5 ,1400 ,2.0,25.0,79
552,Korea University,South Korea,Chemical Engineering,80 ,5.5 ,1400 ,2.0,25.0,79
553,Korea University,South Korea,Civil Engineering,80 ,5.5 ,1400 ,2.0,25.0,79
554,Korea University,South Korea,Systems Engineering,80 ,5.5 ,1400 ,2.0,25.0,79
555,Korea University,South Korea,Industrial Engineering,80 ,5.5 ,1400 ,2.0,25.0,79
556,Korea University,South Korea,Materials Science and Engineering,80 ,5.5 ,1400 ,2.0,25.0,79
557,Korea University,South Korea,Environmental Engineering,80 ,5.5 ,1400 ,2.0,25.0,79
558,Sun Yat-sen University,China,Computer Science,80 ,6.5,1300,3.0,30.0,323
559,Sun Yat-sen University,China,Electrical Engineering and Automation,80 ,6.5,1300,3.0,30.0,323
560,Sun Yat-sen University,China,Bioinformatics,80 ,6.5,1300,3.0,30.0,323
561,Sun Yat-sen University,China,Information Technology,80 ,6.5,1300,3.0,30.0,323
562,Sun Yat-sen University,China,Telecommunications Engineering,80 ,6.5,1300,3.0,30.0,323
563,Sun Yat-sen University,China,Artificial Intelligence,80 ,6.5,1300,3.0,30.0,323
564,Sun Yat-sen University,China,Cybersecurity,80 ,6.5,1300,3.0,30.0,323
565,Sun Yat-sen University,China,Information Systems Engineering,80 ,6.5,1300,3.0,30.0,323
566,Sun Yat-sen University,China,Data Science,80 ,6.5,1300,3.0,30.0,323
567,Sun Yat-sen University,China,Software Engineering,80 ,6.5,1300,3.0,30.0,323
568,Lancaster University,United Kingdom,Computer Science,90,6,0,2.0,25.0,122
569,Lancaster University,United Kingdom,Electrical Engineering,90,6,0,2.0,25.0,122
570,Lancaster University,United Kingdom,Mechanical Engineering,90,6,0,2.0,25.0,122
571,Lancaster University,United Kingdom,Chemical Engineering,90,6,0,2.0,25.0,122
572,Lancaster University,United Kingdom,Civil Engineering,90,6,0,2.0,25.0,122
573,Lancaster University,United Kingdom,Physics,90,6,0,2.0,25.0,122
574,Lancaster University,United Kingdom,Mathematics,90,6,0,2.0,25.0,122
575,Lancaster University,United Kingdom,Robotics and Artificial Intelligence,90,6,0,2.0,25.0,122
576,Lancaster University,United Kingdom,Data Science,90,6,0,2.0,25.0,122
577,Lancaster University,United Kingdom,Environmental Science,90,6,0,2.0,25.0,122
578,Universiti Malaya (UM),Malaysia,Computer Science,92,6.5,0,2.0,25.0,65
579,Universiti Malaya (UM),Malaysia,Electrical Engineering,92,6.5,0,2.0,25.0,65
580,Universiti Malaya (UM),Malaysia,Mechanical Engineering,92,6.5,0,2.0,25.0,65
581,Universiti Malaya (UM),Malaysia,Chemical Engineering,92,6.5,0,2.0,25.0,65
582,Universiti Malaya (UM),Malaysia,Civil Engineering,92,6.5,0,2.0,25.0,65
583,Universiti Malaya (UM),Malaysia,Biomedical Engineering,92,6.5,0,2.0,25.0,65
584,Universiti Malaya (UM),Malaysia,Information Technology,92,6.5,0,2.0,25.0,65
585,Universiti Malaya (UM),Malaysia,Software Engineering,92,6.5,0,2.0,25.0,65
586,Universiti Malaya (UM),Malaysia,Telecommunication Engineering,92,6.5,0,2.0,25.0,65
587,Universiti Malaya (UM),Malaysia,Industrial Engineering,92,6.5,0,2.0,25.0,65
588,Université Grenoble Alpes,France,Computer Science,80 ,6,1200,2.0,20.0,294
589,Université Grenoble Alpes,France,Electrical Engineering,80 ,6,1200,2.0,20.0,294
590,Université Grenoble Alpes,France,Mechanical Engineering,80 ,6,1200,2.0,20.0,294
591,Université Grenoble Alpes,France,Civil Engineering,80 ,6,1200,2.0,20.0,294
592,Université Grenoble Alpes,France,Environmental Engineering,80 ,6,1200,2.0,20.0,294
593,Université Grenoble Alpes,France,Information Systems,80 ,6,1200,2.0,20.0,294
594,Université Grenoble Alpes,France,Industrial Engineering ,80 ,6,1200,2.0,20.0,294
595,Université Grenoble Alpes,France,Materials Science and Engineering,80 ,6,1200,2.0,20.0,294
596,Université Grenoble Alpes,France,Chemical Engineering,80 ,6,1200,2.0,20.0,294
597,Université Grenoble Alpes,France,Biomedical Engineering,80 ,6,1200,2.0,20.0,294
598,The University of Warwick,United Kingdom,Computer Science,90,6.5,1300,2.0,35.0,64
599,The University of Warwick,United Kingdom,Electronic Engineering,90,6.5,1300,2.0,35.0,64
600,The University of Warwick,United Kingdom,Mathematics,90,6.5,1300,2.0,35.0,64
601,The University of Warwick,United Kingdom,Physics,90,6.5,1300,2.0,35.0,64
602,The University of Warwick,United Kingdom,Chemistry,90,6.5,1300,2.0,35.0,64
603,The University of Warwick,United Kingdom,Mechanical Engineering,90,6.5,1300,2.0,35.0,64
604,The University of Warwick,United Kingdom,Civil Engineering,90,6.5,1300,2.0,35.0,64
605,The University of Warwick,United Kingdom,Biomedical Engineering,90,6.5,1300,2.0,35.0,64
606,The University of Warwick,United Kingdom,Data Science,90,6.5,1300,2.0,35.0,64
607,The University of Warwick,United Kingdom,Artificial Intelligence ,90,6.5,1300,2.0,35.0,64
608,Northeastern University,United States,Computer Science,90,7,1420,0.0,18.0,375
609,Northeastern University,United States,Electrical Engineering,90,7,1420,0.0,18.0,375
610,Northeastern University,United States,Mechanical Engineering,90,7,1420,0.0,18.0,375
611,Northeastern University,United States,Civil Engineering,90,7,1420,0.0,18.0,375
612,Northeastern University,United States,Bioengineering,90,7,1420,0.0,18.0,375
613,Northeastern University,United States,Industrial Engineering,90,7,1420,0.0,18.0,375
614,Northeastern University,United States,Chemical Engineering,90,7,1420,0.0,18.0,375
615,Northeastern University,United States,Computer Engineering,90,7,1420,0.0,18.0,375
616,Northeastern University,United States,Information Systems,90,7,1420,0.0,18.0,375
617,Northeastern University,United States,Cybersecurity,90,7,1420,0.0,18.0,375
618,University of Bristol,United Kingdom,Electronics and Communication Engineering,90,6.5,1300,2.0,25.0,55
619,University of Bristol,United Kingdom,Computer Science,90,6.5,1300,2.0,25.0,55
620,University of Bristol,United Kingdom,Mechanical Engineering,90,6.5,1300,2.0,25.0,55
621,University of Bristol,United Kingdom,Electrical Engineering,90,6.5,1300,2.0,25.0,55
622,University of Bristol,United Kingdom,Civil Engineering,90,6.5,1300,2.0,25.0,55
623,University of Bristol,United Kingdom,Aerospace Engineering,90,6.5,1300,2.0,25.0,55
624,University of Bristol,United Kingdom,Biomedical Engineering,90,6.5,1300,2.0,25.0,55
625,University of Bristol,United Kingdom,Robotics Engineering,90,6.5,1300,2.0,25.0,55
626,University of Bristol,United Kingdom,Chemical Engineering,90,6.5,1300,2.0,25.0,55
627,University of Bristol,United Kingdom,Environmental Engineering,90,6.5,1300,2.0,25.0,55
628,Sapienza University of Rome,Italy,Computer Science,90,6,1300,2.0,20.0,134
629,Sapienza University of Rome,Italy,Electrical Engineering,90,6,1300,2.0,20.0,134
630,Sapienza University of Rome,Italy,Mechanical Engineering,90,6,1300,2.0,20.0,134
631,Sapienza University of Rome,Italy,Civil Engineering,90,6,1300,2.0,20.0,134
632,Sapienza University of Rome,Italy,Biomedical Engineering,90,6,1300,2.0,20.0,134
633,Sapienza University of Rome,Italy,Aerospace Engineering,90,6,1300,2.0,20.0,134
634,Sapienza University of Rome,Italy,Chemical Engineering,90,6,1300,2.0,20.0,134
635,Sapienza University of Rome,Italy,Materials Engineering,90,6,1300,2.0,20.0,134
636,Sapienza University of Rome,Italy,Environmental Engineering,90,6,1300,2.0,20.0,134
637,Sapienza University of Rome,Italy,Industrial Engineering,90,6,1300,2.0,20.0,134
638,Ludwig-Maximilians-Universität München,Germany,Computer Science,95,7,1400,2.0,20.0,54
639,Ludwig-Maximilians-Universität München,Germany,Electrical and Computer Engineering,95,7,1400,2.0,20.0,54
640,Ludwig-Maximilians-Universität München,Germany,Mathematics and Computer Science,95,7,1400,2.0,20.0,54
641,Ludwig-Maximilians-Universität München,Germany,Physics,95,7,1400,2.0,20.0,54
642,Ludwig-Maximilians-Universität München,Germany,Environmental Sciences,95,7,1400,2.0,20.0,54
643,Ludwig-Maximilians-Universität München,Germany,Chemistry,95,7,1400,2.0,20.0,54
644,Ludwig-Maximilians-Universität München,Germany,Mechanical Engineering,95,7,1400,2.0,20.0,54
645,Ludwig-Maximilians-Universität München,Germany,Biotechnology,95,7,1400,2.0,20.0,54
646,Ludwig-Maximilians-Universität München,Germany,Computer Science,95,7,1400,2.0,20.0,54
647,Ludwig-Maximilians-Universität München,Germany,Geography and Remote Sensing,95,7,1400,2.0,20.0,54
648,RWTH Aachen University,Germany,Automotive Engineering,95,7,1400,2.0,20.0,106
649,RWTH Aachen University,Germany,Civil Engineering,95,7,1400,2.0,20.0,106
650,RWTH Aachen University,Germany,Mechanical Engineering,95,7,1400,2.0,20.0,106
651,RWTH Aachen University,Germany,Electrical Engineering,95,7,1400,2.0,20.0,106
652,RWTH Aachen University,Germany,Computer Science,95,7,1400,2.0,20.0,106
653,RWTH Aachen University,Germany,Biomedical Engineering,95,7,1400,2.0,20.0,106
654,RWTH Aachen University,Germany,Chemical Engineering,95,7,1400,2.0,20.0,106
655,RWTH Aachen University,Germany,Industrial Engineering,95,7,1400,2.0,20.0,106
656,RWTH Aachen University,Germany,Materials Science and Engineering,95,7,1400,2.0,20.0,106
657,RWTH Aachen University,Germany,Aerospace Engineering,95,7,1400,2.0,20.0,106
658,Technische Universität Berlin (TU Berlin,Germany,Electrical Engineering and Computer Science,95,7,1400,2.0,20.0,154
659,Technische Universität Berlin (TU Berlin,Germany,Mechanical Engineering,95,7,1400,2.0,20.0,154
660,Technische Universität Berlin (TU Berlin,Germany,Civil Engineering,95,7,1400,2.0,20.0,154
661,Technische Universität Berlin (TU Berlin,Germany,Chemical and Process Engineering,95,7,1400,2.0,20.0,154
662,Technische Universität Berlin (TU Berlin,Germany, Aerospace Engineering,95,7,1400,2.0,20.0,154
663,Technische Universität Berlin (TU Berlin,Germany,Information Systems Engineering,95,7,1400,2.0,20.0,154
664,Technische Universität Berlin (TU Berlin,Germany,Computational Engineering,95,7,1400,2.0,20.0,154
665,Technische Universität Berlin (TU Berlin,Germany,Biomedical Engineering,95,7,1400,2.0,20.0,154
666,Technische Universität Berlin (TU Berlin,Germany,Energy Engineering,95,7,1400,2.0,20.0,154
667,Technische Universität Berlin (TU Berlin,Germany,Industrial Engineering,95,7,1400,2.0,20.0,154
668,Lomonosov Moscow State University,Russia,Computer Science,80,7.5,1300,3.0,10.0,87
669,Lomonosov Moscow State University,Russia,Information Technology,80,7.5,1300,3.0,10.0,87
670,Lomonosov Moscow State University,Russia,Electrical Engineering,80,7.5,1300,3.0,10.0,87
671,Lomonosov Moscow State University,Russia,Mechanical Engineering,80,7.5,1300,3.0,10.0,87
672,Lomonosov Moscow State University,Russia,Aerospace Engineering,80,7.5,1300,3.0,10.0,87
673,Lomonosov Moscow State University,Russia,Biomedical Engineering,80,7.5,1300,3.0,10.0,87
674,Lomonosov Moscow State University,Russia,Civil Engineering,80,7.5,1300,3.0,10.0,87
675,Lomonosov Moscow State University,Russia,Chemical Engineering,80,7.5,1300,3.0,10.0,87
676,Lomonosov Moscow State University,Russia,Environmental Engineering,80,7.5,1300,3.0,10.0,87
677,Lomonosov Moscow State University,Russia,Telecommunications Engineering,80,7.5,1300,3.0,10.0,87
678,University of Massachusetts Amherst,United States,Computer Science,80,6,1190,3.0,50.0,245
679,University of Massachusetts Amherst,United States,Electrical Engineering,80,6,1190,3.0,50.0,245
680,University of Massachusetts Amherst,United States,Mechanical Engineering,80,6,1190,3.0,50.0,245
681,University of Massachusetts Amherst,United States,Civil Engineering,80,6,1190,3.0,50.0,245
682,University of Massachusetts Amherst,United States,Chemical Engineering,80,6,1190,3.0,50.0,245
683,University of Massachusetts Amherst,United States,Industrial Engineering,80,6,1190,3.0,50.0,245
684,University of Massachusetts Amherst,United States,Aerospace Engineering,80,6,1190,3.0,50.0,245
685,University of Massachusetts Amherst,United States,Biomedical Engineering,80,6,1190,3.0,50.0,245
686,University of Massachusetts Amherst,United States,Environmental Engineering,80,6,1190,3.0,50.0,245
687,University of Massachusetts Amherst,United States,Information Technology,80,6,1190,3.0,50.0,245
688,Ecole Polytechnique,France,Computer Science,90,6.5,0,3.0,9.0,61
689,Ecole Polytechnique,France,Electrical Engineering,90,6.5,0,3.0,9.0,61
690,Ecole Polytechnique,France,Mechanical Engineering,90,6.5,0,3.0,9.0,61
691,Ecole Polytechnique,France,Aerospace Engineering,90,6.5,0,3.0,9.0,61
692,Ecole Polytechnique,France,Chemical Engineering,90,6.5,0,3.0,9.0,61
693,Ecole Polytechnique,France,Civil Engineering,90,6.5,0,3.0,9.0,61
694,Ecole Polytechnique,France,Materials Science and Engineering,90,6.5,0,3.0,9.0,61
695,Ecole Polytechnique,France,Environmental Engineering,90,6.5,0,3.0,9.0,61
696,Ecole Polytechnique,France,Biomolecular Engineering,90,6.5,0,3.0,9.0,61
697,Kyoto University,Japan,Electrical Engineering,72,5.5,0,3.0,40.0,46
698,Kyoto University,Japan, Mechanical Engineering,72,5.5,0,3.0,40.0,46
699,Kyoto University,Japan,Civil Engineerin,72,5.5,0,3.0,40.0,46
700,Kyoto University,Japan,Computer Science,72,5.5,0,3.0,40.0,46
701,Kyoto University,Japan,Chemical Engineering,72,5.5,0,3.0,40.0,46
702,Kyoto University,Japan,Materials Science and Engineering,72,5.5,0,3.0,40.0,46
703,Kyoto University,Japan,Environmental Engineering,72,5.5,0,3.0,40.0,46
704,Kyoto University,Japan,Aerospace Engineering,72,5.5,0,3.0,40.0,46
705,Kyoto University,Japan,Robotics Engineering,72,5.5,0,3.0,40.0,46
706,Kyoto University,Japan,Biomedical Engineering,72,5.5,0,3.0,40.0,46
707,Technical University of Darmstadt,Germany,Computer Science,88,6.5,0,2.0,15.0,246
708,Technical University of Darmstadt,Germany,Electrical Engineering,88,6.5,0,2.0,15.0,246
709,Technical University of Darmstadt,Germany,Mechanical Engineering,88,6.5,0,2.0,15.0,246
710,Technical University of Darmstadt,Germany,Civil Engineering,88,6.5,0,2.0,15.0,246
711,Technical University of Darmstadt,Germany,Chemical Engineering,88,6.5,0,2.0,15.0,246
712,Technical University of Darmstadt,Germany,Materials Science and Engineering,88,6.5,0,2.0,15.0,246
713,Technical University of Darmstadt,Germany,Aerospace Engineering,88,6.5,0,2.0,15.0,246
714,Technical University of Darmstadt,Germany,Biomedical Engineering,88,6.5,0,2.0,15.0,246
715,Technical University of Darmstadt,Germany,Environmental Engineering,88,6.5,0,2.0,15.0,246
716,Technical University of Darmstadt,Germany,Industrial Engineering and Management,88,6.5,0,2.0,15.0,246
717,Tokyo Institute of Technology (Tokyo Tech),Japan,Electrical and Electronic Engineering,79,6.5,0,3.0,16.0,91
718,Tokyo Institute of Technology (Tokyo Tech),Japan,Mechanical Engineering,79,6.5,0,3.0,16.0,91
719,Tokyo Institute of Technology (Tokyo Tech),Japan,Civil Engineering,79,6.5,0,3.0,16.0,91
720,Tokyo Institute of Technology (Tokyo Tech),Japan,Chemical Science and Engineering,79,6.5,0,3.0,16.0,91
721,Tokyo Institute of Technology (Tokyo Tech),Japan,Industrial Engineering and Economics,79,6.5,0,3.0,16.0,91
722,Tokyo Institute of Technology (Tokyo Tech),Japan,Architecture and Building Engineering,79,6.5,0,3.0,16.0,91
723,Tokyo Institute of Technology (Tokyo Tech),Japan,Materials Science and Engineering,79,6.5,0,3.0,16.0,91
724,Tokyo Institute of Technology (Tokyo Tech),Japan,Robotics ,79,6.5,0,3.0,16.0,91
725,Tokyo Institute of Technology (Tokyo Tech),Japan,Information and Communications Engineering,79,6.5,0,3.0,16.0,91
726,Central South University,China,Computer Science,80,6.5,0,2.0,77.0,452
727,Central South University,China,Information and Communication Engineering,80,6.5,0,2.0,77.0,452
728,Central South University,China,Software Engineering,80,6.5,0,2.0,77.0,452
729,Central South University,China,Electrical Engineering and Automation,80,6.5,0,2.0,77.0,452
730,Central South University,China,Mechanical Engineering,80,6.5,0,2.0,77.0,452
731,Central South University,China,Civil Engineering,80,6.5,0,2.0,77.0,452
732,Central South University,China,Materials Science and Engineering,80,6.5,0,2.0,77.0,452
733,Central South University,China,Chemical Engineering and Technology,80,6.5,0,2.0,77.0,452
734,Central South University,China,Environmental Science and Engineering,80,6.5,0,2.0,77.0,452
735,Central South University,China,Biomedical Engineering,80,6.5,0,2.0,77.0,452
736,Central South University,China,Data Science,95,7,1300,2.0,30.0,291
737,Xi’an Jiaotong University,China,Civil Engineering,95,7,1300,2.0,30.0,291
738,Xi’an Jiaotong University,China,Mechanical Engineering,95,7,1300,2.0,30.0,291
739,Xi’an Jiaotong University,China,Electrical Engineering,95,7,1300,2.0,30.0,291
740,Xi’an Jiaotong University,China,Computer Science and Technology,95,7,1300,2.0,30.0,291
741,Xi’an Jiaotong University,China,Automation,95,7,1300,2.0,30.0,291
742,Xi’an Jiaotong University,China,Materials Science and Engineering,95,7,1300,2.0,30.0,291
743,Xi’an Jiaotong University,China,Electronic Science and Technology,95,7,1300,2.0,30.0,291
744,Xi’an Jiaotong University,China,Environmental Engineering,95,7,1300,2.0,30.0,291
745,Xi’an Jiaotong University,China,Chemical Engineering and Technology,95,7,1300,2.0,30.0,291
746,Xi’an Jiaotong University,China,Information Engineering,95,7,1300,2.0,30.0,291
747,ITMO University,Russia,Computer Science,0,0,0,3.0,15.0,542
748,ITMO University,Russia,Software Engineering,0,0,0,3.0,15.0,542
749,ITMO University,Russia,Information Security,0,0,0,3.0,15.0,542
750,ITMO University,Russia,Network Engineering,0,0,0,3.0,15.0,542
751,ITMO University,Russia,Data Science,0,0,0,3.0,15.0,542
752,ITMO University,Russia,Artificial Intelligence,0,0,0,3.0,15.0,542
753,ITMO University,Russia,Computer Graphics and Image Processing,0,0,0,3.0,15.0,542
754,ITMO University,Russia,Web Development,0,0,0,3.0,15.0,542
755,ITMO University,Russia,Robotics,0,0,0,3.0,15.0,542
756,ITMO University,Russia,Game Development,0,0,0,3.0,15.0,542
757,Pohang University of Science And Technology ,South Korea,Chemical Engineering,0,0,1300,3.0,12.0,100
758,Pohang University of Science And Technology ,South Korea,Civil Engineering,0,0,1300,3.0,12.0,100
759,Pohang University of Science And Technology ,South Korea,Computer Science and Engineering,0,0,1300,3.0,12.0,100
760,Pohang University of Science And Technology ,South Korea,Electrical Engineering,0,0,1300,3.0,12.0,100
761,Pohang University of Science And Technology ,South Korea,Electronic Engineering,0,0,1300,3.0,12.0,100
762,Pohang University of Science And Technology ,South Korea,Industrial Engineering and Management Science,0,0,1300,3.0,12.0,100
763,Pohang University of Science And Technology ,South Korea,Materials Science and Engineering,0,0,1300,3.0,12.0,100
764,Pohang University of Science And Technology ,South Korea,Mechanical Engineering,0,0,1300,3.0,12.0,100
765,Pohang University of Science And Technology ,South Korea,Nuclear Engineering,0,0,1300,3.0,12.0,100
766,Pohang University of Science And Technology ,South Korea,Ocean Science and Technology,0,0,1300,3.0,12.0,100
767,Alma Mater Studiorum - University of Bologna,Italy,Computer Science,85,6.5,1150,2.0,25.0,154
768,Alma Mater Studiorum - University of Bologna,Italy,Civil Engineering,85,6.5,1150,2.0,25.0,154
769,Alma Mater Studiorum - University of Bologna,Italy,Electrical Engineering,85,6.5,1150,2.0,25.0,154
770,Alma Mater Studiorum - University of Bologna,Italy,Mechanical Engineering,85,6.5,1150,2.0,25.0,154
771,Alma Mater Studiorum - University of Bologna,Italy,Environmental Engineering,85,6.5,1150,2.0,25.0,154
772,Alma Mater Studiorum - University of Bologna,Italy,Materials Engineering,85,6.5,1150,2.0,25.0,154
773,Alma Mater Studiorum - University of Bologna,Italy,Chemical Engineering,85,6.5,1150,2.0,25.0,154
774,Alma Mater Studiorum - University of Bologna,Italy,Aerospace Engineering,85,6.5,1150,2.0,25.0,154
775,Alma Mater Studiorum - University of Bologna,Italy,Biomedical Engineering,85,6.5,1150,2.0,25.0,154
776,Alma Mater Studiorum - University of Bologna,Italy,Industrial Automation Engineering,85,6.5,1150,2.0,25.0,154
777,Beijing Institute of Technology,China,Computer Science,0,0,1300,2.0,25.0,340
778,Beijing Institute of Technology,China,Electronics and Information Engineering,0,0,1300,2.0,25.0,340
779,Beijing Institute of Technology,China,Communication Engineering,0,0,1300,2.0,25.0,340
780,Beijing Institute of Technology,China,Software Engineering,0,0,1300,2.0,25.0,340
781,Beijing Institute of Technology,China,Mechanical Engineering,0,0,1300,2.0,25.0,340
782,Beijing Institute of Technology,China,Aerospace Engineering,0,0,1300,2.0,25.0,340
783,Beijing Institute of Technology,China,Civil Engineering,0,0,1300,2.0,25.0,340
784,Beijing Institute of Technology,China,Chemical Engineering and Technology,0,0,1300,2.0,25.0,340
785,Beijing Institute of Technology,China,Biomedical Engineering,0,0,1300,2.0,25.0,340
786,Beijing Institute of Technology,China,Automation,0,0,1300,2.0,25.0,340
787,"University of California, Davis",United States,Computer Science,95,7,1370,2.0,42.0,118
788,"University of California, Davis",United States,Electrical Engineering,95,7,1370,2.0,42.0,118
789,"University of California, Davis",United States,Mechanical Engineering,95,7,1370,2.0,42.0,118
790,"University of California, Davis",United States,Chemical Engineering,95,7,1370,2.0,42.0,118
791,"University of California, Davis",United States,Data Science,95,7,1370,2.0,42.0,118
792,"University of California, Davis",United States,Biological Systems Engineering,95,7,1370,2.0,42.0,118
793,"University of California, Davis",United States,Biomedical Engineering,95,7,1370,2.0,42.0,118
794,"University of California, Davis",United States,Aerospace Engineering,95,7,1370,2.0,42.0,118
795,"University of California, Davis",United States,Computer Engineering,95,7,1370,2.0,42.0,118
796,University of Surrey,United Kingdom,Computer Science,90,7,1200,2.0,45.0,244
797,University of Surrey,United Kingdom,Electronic Engineering,90,7,1200,2.0,45.0,244
798,University of Surrey,United Kingdom,Civil Engineering,90,7,1200,2.0,45.0,244
799,University of Surrey,United Kingdom,Aerospace Engineering,90,7,1200,2.0,45.0,244
800,University of Surrey,United Kingdom,Mechanical Engineering,90,7,1200,2.0,45.0,244
801,University of Surrey,United Kingdom,Electrical and Electronic Engineering,90,7,1200,2.0,45.0,244
802,University of Surrey,United Kingdom,Chemical Engineering,90,7,1200,2.0,45.0,244
803,University of Surrey,United Kingdom,Biomedical Engineering,90,7,1200,2.0,45.0,244
804,University of Surrey,United Kingdom,Information Technology,90,7,1200,2.0,45.0,244
805,University of Surrey,United Kingdom,Mathematics and Physics,90,7,1200,2.0,45.0,244
806,Singapore Management University,Singapore,Computer Science,100,7,1400,2.0,49.0,545
807,Singapore Management University,Singapore,Engineering in Information Systems,100,7,1400,2.0,49.0,545
808,Singapore Management University,Singapore,Business Analytics,100,7,1400,2.0,49.0,545
809,Singapore Management University,Singapore,Data Science,100,7,1400,2.0,49.0,545
810,Singapore Management University,Singapore,Computer Science,100,7,1400,2.0,49.0,545
811,Singapore Management University,Singapore,Information Systems Management,100,7,1400,2.0,49.0,545
812,Singapore Management University,Singapore,Information Security,100,7,1400,2.0,49.0,545
813,Singapore Management University,Singapore,Computer Engineering,100,7,1400,2.0,49.0,545
814,Singapore Management University,Singapore,Electrical Engineering,100,7,1400,2.0,49.0,545
815,Singapore Management University,Singapore,Mechanical Engineering,100,7,1400,2.0,49.0,545
816,Moscow Institute of Physics and Technology,Russia,Applied Mathematics and Physics,0,7,1400,3.0,20.0,415
817,Moscow Institute of Physics and Technology,Russia,Biotechnology and Bioengineering,0,7,1400,3.0,20.0,415
818,Moscow Institute of Physics and Technology,Russia,Computer Science and Engineering,0,7,1400,3.0,20.0,415
819,Moscow Institute of Physics and Technology,Russia,Control and Applied Mathematics,0,7,1400,3.0,20.0,415
820,Moscow Institute of Physics and Technology,Russia,Electrical Engineering and Computer Science,0,7,1400,3.0,20.0,415
821,Moscow Institute of Physics and Technology,Russia,Laser and Optoelectronic Systems,0,7,1400,3.0,20.0,415
822,Moscow Institute of Physics and Technology,Russia,Nanotechnology and Microsystem Engineering,0,7,1400,3.0,20.0,415
823,Moscow Institute of Physics and Technology,Russia,Photonics and Quantum Optics,0,7,1400,3.0,20.0,415
824,Moscow Institute of Physics and Technology,Russia,Radio Engineering and Cybernetics,0,7,1400,3.0,20.0,415
825,Moscow Institute of Physics and Technology,Russia,Space Exploration Technologies,0,7,1400,3.0,20.0,415
826,Rice University,United States,Computer Science,90,7,1400,2.0,15.0,145
827,Rice University,United States,Electrical Engineering,90,7,1400,3.0,15.0,145
828,Rice University,United States,Bioengineering,90,7,1400,3.0,15.0,145
829,Rice University,United States,Mechanical Engineering,90,7,1400,3.0,15.0,145
830,Rice University,United States,Materials Science and Nanoengineering,90,7,1400,3.0,15.0,145
831,Rice University,United States,Civil and Environmental Engineering,90,7,1400,3.0,15.0,145
832,Rice University,United States,Data Science,90,7,1400,3.0,15.0,145
833,Rice University,United States,Computational and Applied Mathematics,90,7,1400,3.0,15.0,145
834,Rice University,United States,Computer Engineering,90,7,1400,3.0,15.0,145
835,Rice University,United States,Artificial Intelligence,0,0,1200,3.0,22.0,225
836,Indian Institute of Science,Bharat,Computer Science,0,0,1200,3.0,22.0,225
837,Indian Institute of Science,Bharat,Electrical Engineering,0,0,1200,3.0,22.0,225
838,Indian Institute of Science,Bharat,Mechanical Engineering,0,0,1200,3.0,22.0,225
839,Indian Institute of Science,Bharat,Aerospace Engineering,0,0,1200,3.0,22.0,225
840,Indian Institute of Science,Bharat,Chemical Engineering,0,0,1200,3.0,22.0,225
841,Indian Institute of Science,Bharat,Civil Engineering,0,0,1200,3.0,22.0,225
842,Indian Institute of Science,Bharat,Electronics and Communication Engineering,0,0,1200,3.0,22.0,225
843,Indian Institute of Science,Bharat,Materials Engineering,0,0,1200,3.0,22.0,225
844,Indian Institute of Science,Bharat,Instrumentation Engineerin,0,0,1200,3.0,22.0,225
845,Indian Institute of Science,Bharat, Environmental Engineering,0,0,1200,3.0,22.0,225
846,University of Trento,Italy,Computer Science,72,6,0,2.0,60.0,429
847,University of Trento,Italy,Electrical Engineering,72,6,0,2.0,60.0,429
848,University of Trento,Italy,Mechanical Engineering,72,6,0,2.0,60.0,429
849,University of Trento,Italy,Civil Engineering,72,6,0,2.0,60.0,429
850,University of Trento,Italy,Information and Communication Engineering,72,6,0,2.0,60.0,429
851,University of Trento,Italy,Industrial Engineering,72,6,0,2.0,60.0,429
852,University of Trento,Italy,Biomedical Engineering,72,6,0,2.0,60.0,429
853,University of Trento,Italy,Environmental Engineering,72,6,0,2.0,60.0,429
854,University of Trento,Italy,Materials Science and Engineering,72,6,0,2.0,60.0,429
855,University of Trento,Italy,Data Science,72,6,0,2.0,60.0,429
856,IMT Atlantique,France,Computer Science,0,0,1250,3.0,40.0,98
857,IMT Atlantique,France,Electronics and Telecommunications Engineering,0,0,1250,3.0,40.0,98
858,IMT Atlantique,France,Computer Engineering,0,0,1250,3.0,40.0,98
859,IMT Atlantique,France,Data Science,0,0,1250,3.0,40.0,98
860,IMT Atlantique,France,Control Systems Engineering,0,0,1250,3.0,40.0,98
861,IMT Atlantique,France,Artificial Intelligence,0,0,1250,3.0,40.0,98
862,IMT Atlantique,France,Network and Security Engineering,0,0,1250,3.0,40.0,98
863,IMT Atlantique,France,Software Engineering,0,0,1250,3.0,40.0,98
864,IMT Atlantique,France,Information Systems Engineering,0,0,1250,3.0,40.0,98
865,IMT Atlantique,France,Robotics Engineering,0,0,1250,3.0,40.0,98
866,Texas A&M University,United States,Computer Science,95,7.5,1400,3.0,50.0,134
867,Texas A&M University,United States,Electrical Engineering,95,7.5,1400,3.0,50.0,134
868,Texas A&M University,United States,Mechanical Engineering,95,7.5,1400,3.0,50.0,134
869,Texas A&M University,United States,Civil Engineering,95,7.5,1400,3.0,50.0,134
870,Texas A&M University,United States,Petroleum Engineering,95,7.5,1400,3.0,50.0,134
871,Texas A&M University,United States,Chemical Engineering,95,7.5,1400,3.0,50.0,134
872,Texas A&M University,United States,Aerospace Engineering,95,7.5,1400,3.0,50.0,134
873,Texas A&M University,United States,Biomedical Engineering,95,7.5,1400,3.0,50.0,134
874,Texas A&M University,United States,Industrial Engineering,95,7.5,1400,3.0,50.0,134
875,Texas A&M University,United States,Information Technology,95,7.5,1400,3.0,50.0,134
876,University of Pittsburgh,United States,Computer Science,80,6,1250,3.0,67.0,222
877,University of Pittsburgh,United States,Electrical Engineering,80,6,1250,3.0,67.0,222
878,University of Pittsburgh,United States,Mechanical Engineering ,80,6,1250,3.0,67.0,222
879,University of Pittsburgh,United States,Civil Engineering,80,6,1250,3.0,67.0,222
880,University of Pittsburgh,United States,Industrial Engineering ,80,6,1250,3.0,67.0,222
881,University of Pittsburgh,United States,Chemical Engineering ,80,6,1250,3.0,67.0,222
882,University of Pittsburgh,United States,Bioengineering,80,6,1250,3.0,67.0,222
883,University of Pittsburgh,United States,Information Science,80,6,1250,3.0,67.0,222
884,University of Pittsburgh,United States,Materials Science and Engineering,80,6,1250,3.0,67.0,222
885,University of Pittsburgh,United States,Applied Mathematics and Statistics,80,6,1250,3.0,67.0,222
886,University of Electronic Science and Technology of China,China,Electronics and Communication Engineering,80,5.5,0,3.0,9.0,346
887,University of Electronic Science and Technology of China,China,Computer Science and Technology,80,5.5,0,3.0,9.0,346
888,University of Electronic Science and Technology of China,China,Information Security,80,5.5,0,3.0,9.0,346
889,University of Electronic Science and Technology of China,China,Internet of Things,80,5.5,0,3.0,9.0,346
890,University of Electronic Science and Technology of China,China,Artificial Intelligence,80,5.5,0,3.0,9.0,346
891,University of Electronic Science and Technology of China,China,Software Engineering,80,5.5,0,3.0,9.0,346
892,University of Electronic Science and Technology of China,China,Data Science,80,5.5,0,3.0,9.0,346
893,University of Electronic Science and Technology of China,China,Robotics,80,5.5,0,3.0,9.0,346
894,University of Electronic Science and Technology of China,China,Networking,80,5.5,0,3.0,9.0,346
895,University of Electronic Science and Technology of China,China,Embedded Systems,80,5.5,0,3.0,9.0,346
896,Beihang University (former BUAA),China,Computer Science,80,5.5,0,3.0,9.0,473
897,Beihang University (former BUAA),China,Electronic Information Engineering,80,5.5,0,3.0,9.0,473
898,Beihang University (former BUAA),China,Aerospace Engineering,80,5.5,0,3.0,9.0,473
899,Beihang University (former BUAA),China,Mechanical Engineering,80,5.5,0,3.0,9.0,473
900,Beihang University (former BUAA),China,Automation,80,5.5,0,3.0,9.0,473
901,Beihang University (former BUAA),China,Software Engineering,80,5.5,0,3.0,9.0,473
902,Beihang University (former BUAA),China,Communication Engineering,80,5.5,0,3.0,9.0,473
903,Beihang University (former BUAA),China,Civil Engineering,80,5.5,0,3.0,9.0,473
904,Beihang University (former BUAA),China,Materials Science and Engineering,80,5.5,0,3.0,9.0,473
905,Beihang University (former BUAA),China,International Economics and Trade,80,5.5,0,3.0,9.0,473
906,Xidian University,China,Computer Science,80,5.5,0,3.0,9.0,643
907,Xidian University,China,Electronic Science and Technology,80,5.5,0,3.0,9.0,643
908,Xidian University,China,Communication Engineering,80,5.5,0,3.0,9.0,643
909,Xidian University,China,Information Security,80,5.5,0,3.0,9.0,643
910,Xidian University,China,Software Engineering,80,5.5,0,3.0,9.0,643
911,Xidian University,China,Data Science,80,5.5,0,3.0,9.0,643
912,Xidian University,China,Artificial Intelligence,80,5.5,0,3.0,9.0,643
913,Xidian University,China,Internet of Things Engineering,80,5.5,0,3.0,9.0,643
914,Xidian University,China,Robotics,80,5.5,0,3.0,9.0,643
915,Xidian University,China,Biomedical Engineering,80,5.5,0,3.0,9.0,643
916,Southeast University,China,Computer Science ,80,5.5,0,3.0,9.0,454
917,Southeast University,China,Mechanical Engineering,80,5.5,0,3.0,9.0,454
918,Southeast University,China,Civil Engineering,80,5.5,0,3.0,9.0,454
919,Southeast University,China,Electrical and Electronic Engineering,80,5.5,0,3.0,9.0,454
920,Southeast University,China,Architecture,80,5.5,0,3.0,9.0,454
921,Southeast University,China,Chemical Engineering,80,5.5,0,3.0,9.0,454
922,Southeast University,China,Industrial and Production Engineering,80,5.5,0,3.0,9.0,454
923,Southeast University,China,Textile Engineering,80,5.5,0,3.0,9.0,454
924,Southeast University,China,Biomedical Engineering,80,5.5,0,3.0,9.0,454
925,Southeast University,China,Environmental Science and Engineering,80,5.5,0,3.0,9.0,454
926,Dalian University of Technology,China,Electrical Engineering,80,5.5,0,3.0,9.0,491
927,Dalian University of Technology,China,Mechanical Engineering,80,5.5,0,3.0,9.0,491
928,Dalian University of Technology,China,Civil Engineering,80,5.5,0,3.0,9.0,491
929,Dalian University of Technology,China,Chemical Engineering,80,5.5,0,3.0,9.0,491
930,Dalian University of Technology,China,Computer Science,80,5.5,0,3.0,9.0,491
931,Dalian University of Technology,China,Environmental Engineering,80,5.5,0,3.0,9.0,491
932,Dalian University of Technology,China,Materials Science and Engineering,80,5.5,0,3.0,9.0,491
933,Dalian University of Technology,China,Automation Engineering,80,5.5,0,3.0,9.0,491
934,Dalian University of Technology,China,Aerospace Engineering,80,5.5,0,3.0,9.0,491
935,Dalian University of Technology,China,Marine Engineering,80,5.5,0,3.0,9.0,491
936,Northwestern Polytechnical University,China,Computer Science ,80,5.5,0,3.0,9.0,367
937,Northwestern Polytechnical University,China,Electronic Science and Technology,80,5.5,0,3.0,9.0,367
938,Northwestern Polytechnical University,China,Information Security,80,5.5,0,3.0,9.0,367
939,Northwestern Polytechnical University,China,Software Engineering,80,5.5,0,3.0,9.0,367
940,Northwestern Polytechnical University,China,Communications Engineering,80,5.5,0,3.0,9.0,367
941,Northwestern Polytechnical University,China,Automation,80,5.5,0,3.0,9.0,367
942,Northwestern Polytechnical University,China,Aerospace Engineering,80,5.5,0,3.0,9.0,367
943,Northwestern Polytechnical University,China,Mechanical Engineering,80,5.5,0,3.0,9.0,367
944,Northwestern Polytechnical University,China,Materials Science and Engineering,80,5.5,0,3.0,9.0,367
945,Northwestern Polytechnical University,China,Civil Engineering,80,5.5,0,3.0,9.0,367
946,Beijing University of Posts and Telecommunications,China,Computer Science,80,5.5,0,3.0,9.0,851
947,Beijing University of Posts and Telecommunications,China,Computer Science,80,5.5,0,3.0,9.0,851
948,Beijing University of Posts and Telecommunications,China,Communication Engineering,80,5.5,0,3.0,9.0,851
949,Beijing University of Posts and Telecommunications,China,Network Engineering,80,5.5,0,3.0,9.0,851
950,Beijing University of Posts and Telecommunications,China,Information Security,80,5.5,0,3.0,9.0,851
951,Beijing University of Posts and Telecommunications,China,Software Engineering,80,5.5,0,3.0,9.0,851
952,Beijing University of Posts and Telecommunications,China,Electronic Information Engineering,80,5.5,0,3.0,9.0,851
953,Beijing University of Posts and Telecommunications,China,Internet of Things Engineering,80,5.5,0,3.0,9.0,851
954,Beijing University of Posts and Telecommunications,China,Big Data Technology and Applications,80,5.5,0,3.0,9.0,851
955,Beijing University of Posts and Telecommunications,China,Artificial Intelligence,80,5.5,0,3.0,9.0,851
956,Institut Polytechnique de Paris,France,Mechanical Engineering,0,0,0,2.0,26.0,38
957,Institut Polytechnique de Paris,France,Computer Science,0,0,0,2.0,26.0,38
958,Institut Polytechnique de Paris,France,Electrical Engineering,0,0,0,2.0,26.0,38
959,Institut Polytechnique de Paris,France,Civil Engineering,0,0,0,2.0,26.0,38
960,Institut Polytechnique de Paris,France,Aerospace Engineering,0,0,0,2.0,26.0,38
961,Institut Polytechnique de Paris,France,Materials Science and Engineering,0,0,0,2.0,26.0,38
962,Institut Polytechnique de Paris,France,Biomedical Engineering,0,0,0,2.0,26.0,38
963,Institut Polytechnique de Paris,France,Chemical Engineering,0,0,0,2.0,26.0,38
964,Institut Polytechnique de Paris,France,Environmental Engineering,0,0,0,2.0,26.0,38
965,Institut Polytechnique de Paris,France,Industrial Engineering,0,0,0,2.0,26.0,38
966,Indian Institute of Technology Bombay (IITB),Bharat,Computer Science ,80,6.5,1245 ,2.0,2.0,149
967,Indian Institute of Technology Bombay (IITB),Bharat,Electrical Engineering,80,6.5,1245 ,2.0,2.0,149
968,Indian Institute of Technology Bombay (IITB),Bharat,Mechanical Engineering,80,6.5,1245 ,2.0,2.0,149
969,Indian Institute of Technology Bombay (IITB),Bharat,Aerospace Engineering,80,6.5,1245 ,2.0,2.0,149
970,Indian Institute of Technology Bombay (IITB),Bharat,Civil Engineering,80,6.5,1245 ,2.0,2.0,149
971,Indian Institute of Technology Bombay (IITB),Bharat,Chemical Engineering,80,6.5,1245 ,2.0,2.0,149
972,Indian Institute of Technology Bombay (IITB),Bharat,Environmental Science and Engineering,80,6.5,1245 ,2.0,2.0,149
973,Indian Institute of Technology Bombay (IITB),Bharat,Metallurgical Engineering and Materials Science,80,6.5,1245 ,2.0,2.0,149
974,Indian Institute of Technology Bombay (IITB),Bharat,Biotechnology,80,6.5,1245 ,2.0,2.0,149
975,Indian Institute of Technology Bombay (IITB),Bharat,Engineering Physics,80,6.5,1245 ,2.0,2.0,149
976,Indian Institute of Technology Delhi (IITD),Bharat,Computer Science,80,6.5,1245 ,2.0,2.0,197
977,Indian Institute of Technology Delhi (IITD),Bharat,Electrical Engineering,80,6.5,1245 ,2.0,2.0,197
978,Indian Institute of Technology Delhi (IITD),Bharat,Mechanical Engineering,80,6.5,1245 ,2.0,2.0,197
979,Indian Institute of Technology Delhi (IITD),Bharat,Chemical Engineering,80,6.5,1245 ,2.0,2.0,197
980,Indian Institute of Technology Delhi (IITD),Bharat,Civil Engineering,80,6.5,1245 ,2.0,2.0,197
981,Indian Institute of Technology Delhi (IITD),Bharat,Aerospace Engineering,80,6.5,1245 ,2.0,2.0,197
982,Indian Institute of Technology Delhi (IITD),Bharat,Biotechnology and Biochemical Engineering,80,6.5,1245 ,2.0,2.0,197
983,Indian Institute of Technology Delhi (IITD),Bharat,Electrical Engineering (Power),80,6.5,1245 ,2.0,2.0,197
984,Indian Institute of Technology Delhi (IITD),Bharat,Engineering Physics,80,6.5,1245 ,2.0,2.0,197
985,Indian Institute of Technology Delhi (IITD),Bharat,Production and Industrial Engineering,80,6.5,1245 ,2.0,2.0,197
986,University of Amsterdam, Nederland,Computer Science,100,7,1400,2.0,25.0,53
987,University of Amsterdam, Nederland,Data Science,100,7,1400,2.0,25.0,53
988,University of Amsterdam, Nederland,Artificial Intelligence,100,7,1400,2.0,25.0,53
989,University of Amsterdam, Nederland,Business Analytics,100,7,1400,2.0,25.0,53
990,University of Amsterdam, Nederland,Software Engineering,100,7,1400,2.0,25.0,53
991,University of Amsterdam, Nederland,Information Systems,100,7,1400,2.0,25.0,53
992,University of Amsterdam, Nederland,Electrical Engineering,100,7,1400,2.0,25.0,53
993,University of Amsterdam, Nederland,Mechanical Engineering,100,7,1400,2.0,25.0,53
994,University of Amsterdam, Nederland,Biomedical Engineering,100,7,1400,2.0,25.0,53
995,University of Amsterdam, Nederland,Environmental Science,100,7,1400,2.0,25.0,53
996,Vrije Universiteit Amsterdam, Nederland,Computer Science,100,7,1400,2.0,25.0,207
997,Vrije Universiteit Amsterdam, Nederland,Artificial Intelligence,100,7,1400,2.0,25.0,207
998,Vrije Universiteit Amsterdam, Nederland,Business Analytics,100,7,1400,2.0,25.0,207
999,Vrije Universiteit Amsterdam, Nederland,Data Science,100,7,1400,2.0,25.0,207
1000,Vrije Universiteit Amsterdam, Nederland,Electrical Engineering,100,7,1400,2.0,25.0,207
1001,Vrije Universiteit Amsterdam, Nederland,Econometrics and Operations Research,100,7,1400,2.0,25.0,207
1002,Vrije Universiteit Amsterdam, Nederland,Mathematics,100,7,1400,2.0,25.0,207
1003,Vrije Universiteit Amsterdam, Nederland,Physics and Astronomy,100,7,1400,2.0,25.0,207
1004,Vrije Universiteit Amsterdam, Nederland,Information Science,100,7,1400,2.0,25.0,207
1005,Vrije Universiteit Amsterdam, Nederland,Cognitive Science,100,7,1400,2.0,25.0,207
1006,Breda University of Applied Sciences, Nederland,Game Development,80,6.5,0,2.0,35.0,27
1007,Breda University of Applied Sciences, Nederland,Software Engineering,80,6.5,0,2.0,35.0,27
1008,Breda University of Applied Sciences, Nederland,Information Technology,80,6.5,0,2.0,35.0,27
1009,Breda University of Applied Sciences, Nederland,Data Science,80,6.5,0,2.0,35.0,27
1010,Breda University of Applied Sciences, Nederland,Computer Science,80,6.5,0,2.0,35.0,27
1011,Breda University of Applied Sciences, Nederland,Multimedia Design,80,6.5,0,2.0,35.0,27
1012,Breda University of Applied Sciences, Nederland,Cybersecurity,80,6.5,0,2.0,35.0,27
1013,Breda University of Applied Sciences, Nederland,User Experience Design,80,6.5,0,2.0,35.0,27
1014,Breda University of Applied Sciences, Nederland,Mobile Application Development,80,6.5,0,2.0,35.0,27
1015,Breda University of Applied Sciences, Nederland,Artificial Intelligence,80,6.5,0,2.0,35.0,27
1016,Eindhoven University of Technology, Nederland,Electrical Engineering,90,6.5,0,3.0,30.0,124
1017,Eindhoven University of Technology, Nederland,Mechanical Engineering,90,6.5,0,3.0,30.0,124
1018,Eindhoven University of Technology, Nederland,Computer Science and Engineering,90,6.5,0,3.0,30.0,124
1019,Eindhoven University of Technology, Nederland,Industrial Design,90,6.5,0,3.0,30.0,124
1020,Eindhoven University of Technology, Nederland,Applied Physics,90,6.5,0,3.0,30.0,124
1021,Eindhoven University of Technology, Nederland,Chemical Engineering,90,6.5,0,3.0,30.0,124
1022,Eindhoven University of Technology, Nederland,Automotive Technology,90,6.5,0,3.0,30.0,124
1023,Eindhoven University of Technology, Nederland,Aerospace Engineering,90,6.5,0,3.0,30.0,124
1024,Eindhoven University of Technology, Nederland,Biomedical Engineering,90,6.5,0,3.0,30.0,124
1025,Eindhoven University of Technology, Nederland,Sustainable Innovation and Entrepreneurship,90,6.5,0,3.0,30.0,124
1026,University of Twente, Nederland,Electrical Engineering,90,6.5,0,3.0,30.0,210
1027,University of Twente, Nederland,Computer Science,90,6.5,0,3.0,30.0,210
1028,University of Twente, Nederland,Mechanical Engineering,90,6.5,0,3.0,30.0,210
1029,University of Twente, Nederland,Civil Engineering,90,6.5,0,3.0,30.0,210
1030,University of Twente, Nederland,Industrial Design Engineering,90,6.5,0,3.0,30.0,210
1031,University of Twente, Nederland,Chemical Engineering,90,6.5,0,3.0,30.0,210
1032,University of Twente, Nederland,Applied Mathematics,90,6.5,0,3.0,30.0,210
1033,University of Twente, Nederland,Communication Science,90,6.5,0,3.0,30.0,210
1034,University of Twente, Nederland,Applied Physics,90,6.5,0,3.0,30.0,210
1035,University of Twente, Nederland,Technical Medicine,90,6.5,0,3.0,30.0,210
